id,title,sku,slug,hsnCode,gstRate,category,subcategory
prd_81e8fb5c-acf7-4831-8723-276f466f6e7e,(Pack of 10) Red Color Silicone Wristband RFID  Tag For Access Control Swimming Pool And Marathon 13.56MHZ ISO14443A MiFare 1K    Pack of 10,JNX-000262,pack-of-10-red-color-silicone-wristband-rfid-tag-for-access-control-swimming-pool-and-marathon-1356mhz-iso14443a-mifare-1k-pack-of-10,8531,18,Access Control,
prd_278f4759-a67d-4cc0-bdde-cfdb96ee317c,110dB Mini Strobe Siren Durable Home Security Alarm System (Blue) 12V DC,JNX-000308,110db-mini-strobe-siren-durable-home-security-alarm-system-blue-12v-dc,8531,18,Security Alarm System,
prd_bea7c430-f78f-4793-868f-9e9e476c096f,12” CCTV Camera Wall Mounting Bracket Stand | Heavy Duty Metal for Bullet & Box Camera | 90° Viewing Area | Indoor and Outdoor Use | White | 12 inch,JNX-000057,12-cctv-camera-wall-mounting-bracket-stand-or-heavy-duty-metal-for-bullet-and-box-camera-or-90-viewing-area-or-indoor-and-outdoor-use-or-white-or-12-inch,8529,18,Surveilliance,
prd_ec6b2f1a-dd65-488b-89c3-f80fe13fb7a0,125Khz RFID Card - Pack of 50 nos.,JNX-000214,125khz-rfid-card-pack-of-50-nos,8531,18,Access Control,
prd_028487b7-29ea-4017-ae03-ae8cc4f3f7e8,12MP pen camera,JNX-000162,12mp-pen-camera,8529,18,Surveilliance,
prd_d5223401-7cd2-4912-a1d8-05c67f632b7c,12V 10A SMPS 120W AC-DC industrial Metal Power Supply,JNX-000315,12v-10a-smps-120w-ac-dc-industrial-metal-power-supply,85176290,18,Power Supply,
prd_644c97bc-a696-4de6-a223-f44e7c407a7a,12V 2Amp Adaptor for DVR NVR,JNX-000328,12v-2amp-adaptor-for-dvr-nvr,85176290,18,Power Supply,
prd_e0beb9b5-ca1a-42b7-b435-c3d3781da4f8,12V 5A SMPS Industrial – SL – 60W,JNX-000314,12v-5a-smps-industrial-sl-60w,85176290,18,Power Supply,
prd_c7186ce4-8c5d-43a5-866e-699078d93546,12V DC power supply SMPS based for 4ch CCTV Camera,JNX-000125,12v-dc-power-supply-smps-based-for-4ch-cctv-camera,8529,18,Surveilliance,
prd_bda75a81-db29-4763-b648-2008441b98b1,12V DC power supply SMPS based for 8ch CCTV Camera,JNX-000126,12v-dc-power-supply-smps-based-for-8ch-cctv-camera,8529,18,Surveilliance,
prd_cb58b8c5-e340-4e34-ac44-289ac3e9ffde,12V to 220V Inverter - 100W,JNX-000251,12v-to-220v-inverter-100w,85176290,18,Power Supply,
prd_8998541b-709c-469a-a9e5-a124a61bc1a1,13.56Mhz 1K IC Tag Token Access Control Card Keyfob Keychain I Set of 10,JNX-000236,1356mhz-1k-ic-tag-token-access-control-card-keyfob-keychain-i-set-of-10,8531,18,Access Control,
prd_6c2aa1b5-9809-406b-87d2-e169020dfc02,16CH NVR 8MP 4K,JNX-000141,16ch-nvr-8mp-4k,85176290,18,Power Supply,
prd_72e562a1-e39c-4df2-a8d1-7a93e6b5fb7b,1n4742a zener diode 12V 1W - Pack of 100 nos,JNX-000168,1n4742a-zener-diode-12v-1w-pack-of-100-nos,8417,18,Robotics,
prd_b6f29017-400a-4c5b-bbee-7d46f9a0ab68,20 Floors Elevator Controller For Elevator or 12V Cabinet Lock control card for 20 Cabinets for lift,JNX-000338,20-floors-elevator-controller-for-elevator-or-12v-cabinet-lock-control-card-for-20-cabinets-for-lift,8531,18,Access Control,
prd_96e3f05c-4d17-4eb5-9778-894b87203c3a,24V 12.5A SMPS 300W Rated AC-DC industrial Metal Power Supply for BLDC boom barrier,JNX-000317,24v-125a-smps-300w-rated-ac-dc-industrial-metal-power-supply-for-bldc-boom-barrier,8529,18,Parking Management,
prd_6c640883-ab56-4c48-b366-96f6c82ec3e1,24V 15Amp SMPS 360W Rated AC-DC industrial Metal Power Supply for BLDC boom barrier - 24V 15A,JNX-000318,24v-15amp-smps-360w-rated-ac-dc-industrial-metal-power-supply-for-bldc-boom-barrier-24v-15a,8529,18,Parking Management,
prd_a9c04b97-a68a-49a8-ba07-14e523645479,"3D face detection Tuya wifi mobile app Smart Glass Door Entry Lock 2K HD Camera Doorbell Fingerprint Password, 3D Face Recognition Fingerprint Lock Intelligent Office Password digital Lock Password Fingerprint Lock Keys Locks  J828TW",JNX-000283,3d-face-detection-tuya-wifi-mobile-app-smart-glass-door-entry-lock-2k-hd-camera-doorbell-fingerprint-password-3d-face-recognition-fingerprint-lock-intelligent-office-password-digital-lock-password-fingerprint-lock-keys-locks-j828tw,8531,18,Access Control,
prd_8dc748c2-126e-41e2-a01d-9ce07c677de3,"3MP Smart Wi-Fi Dome Camera with 4mm Lens, Color Night vision , Cloud storage, 256GB SD card supported ,Two way audio intercome",JNX-000323,3mp-smart-wi-fi-dome-camera-with-4mm-lens-color-night-vision-cloud-storage-256gb-sd-card-supported-two-way-audio-intercome,8529,18,Surveilliance,
prd_401d91e2-7f5d-46a0-b666-fe14cd9905f6,4 gang wifi smart switch module - tuya smart life 4 Channel Wifi Switch Module 4ch module,JNX-000180,4-gang-wifi-smart-switch-module-tuya-smart-life-4-channel-wifi-switch-module-4ch-module,8529,18,Smart Home Automation,
prd_d2956b8f-01cd-4ee1-bc22-834f10727dcd,"433MHz  RF Mini Relay Wireless Remote Control Switch Receiver 1CH, and remote for access control , siren, door lock,",JNX-000256,433mhz-rf-mini-relay-wireless-remote-control-switch-receiver-1ch-and-remote-for-access-control-siren-door-lock,8531,18,Access Control,
prd_992163a6-0c52-4b32-9dbb-47ac5aa14e43,433Mhz 12V DC Relay  with 1 remote for electronic door lock EM lock sliding gate motor access control,JNX-000255,433mhz-12v-dc-relay-with-1-remote-for-electronic-door-lock-em-lock-sliding-gate-motor-access-control,8531,18,Access Control,
prd_f1d113ad-1bbd-49c8-a2ee-91dc97b35f33,4ch XVR,JNX-000114,4ch-xvr,8529,18,Surveilliance,
prd_6f661145-4335-4c6c-ba33-a1c26aab8f16,4G Router 4G LTE CPE Wi-Fi Router for Home & Personal Computer indoor use,JNX-000274,4g-router-4g-lte-cpe-wi-fi-router-for-home-and-personal-computer-indoor-use,8529,18,4G Router,
prd_43a7bbc2-42ac-4477-993e-2a015edcc940,4G sim card camera - v380  3MP PTZ,JNX-000178,4g-sim-card-camera-v380-3mp-ptz,8529,18,Surveilliance,
prd_0d252e7c-24c7-444b-9eac-21ccfbffed32,4G Sim Card outdoor rotating 360 degree camera - Mobile app IP pro  3MP,JNX-000321,4g-sim-card-outdoor-rotating-360-degree-camera-mobile-app-ip-pro-3mp,8529,18,Surveilliance,
prd_b9833ce7-26a6-4e69-9ece-a74dcdc37f41,4G Sim Card outdoor rotating 360 degree Double lens  10X Zoom camera - Mobile app IP pro 4MP 10X zoom,JNX-000320,4g-sim-card-outdoor-rotating-360-degree-double-lens-10x-zoom-camera-mobile-app-ip-pro-4mp-10x-zoom,8529,18,Surveilliance,
prd_2abd6d30-a522-4e11-9508-bb00571f948f,4G Sim Card outdoor rotating 360 degree Double lens linkage camera - Mobile app IP pro 2MP + 2MP,JNX-000319,4g-sim-card-outdoor-rotating-360-degree-double-lens-linkage-camera-mobile-app-ip-pro-2mp-2mp,8529,18,Surveilliance,
prd_22159dc3-6eab-4205-a5ca-652d919031f7,4G Solar tripple lens OKAM pro camera,JNX-000373,4g-solar-tripple-lens-okam-pro-camera,8529,18,Surveilliance,
prd_7313f7f4-e3a4-453d-a909-e6549a8834b1,"4MP 4G Sim Dual Lens Solar 360 degree  Camera with Live View, Night Vision & Wide Angle Motion Tracking",JNX-000297,4mp-4g-sim-dual-lens-solar-360-degree-camera-with-live-view-night-vision-and-wide-angle-motion-tracking,8529,18,Surveilliance,
prd_10a52020-7b9d-4541-8017-ae812bcf5d1c,4MP IP License Plate Recognition ANPR Bullet Network Camera Vehicle number plate catching camera,JNX-000369,4mp-ip-license-plate-recognition-anpr-bullet-network-camera-vehicle-number-plate-catching-camera,8529,18,Surveilliance,
prd_f3998d21-597c-4587-9452-51187c756d82,5MP IP PTZ  Camera - 30-36X,JNX-000147,5mp-ip-ptz-camera-30-36x,8529,18,Surveilliance,
prd_9aff6a31-fe17-4ae1-af9a-f1e15366d702,"7"" Full touch screen android based duel IR Camera  Face Recognition NFC IC card  reader HMI for smart locker Cabiner drawer  F701 , Face based locker Open",JNX-000341,7-full-touch-screen-android-based-duel-ir-camera-face-recognition-nfc-ic-card-reader-hmi-for-smart-locker-cabiner-drawer-f701-face-based-locker-open,8531,18,Access Control,
prd_78e4fe67-51fd-4f6a-9da4-9bcf45243545,86 Type PVC box for Smart touch switch plate  for concealed fitting wall mount surface fix  86x86x33 mm  86 Box ( Pack of 10 Box ),JNX-000364,86-type-pvc-box-for-smart-touch-switch-plate-for-concealed-fitting-wall-mount-surface-fix-86x86x33-mm-86-box-pack-of-10-box,8531,18,Smart Home Automation,
prd_93b3bd25-e87a-41c7-9d89-50906f9732ae,8ch XVR,JNX-000115,8ch-xvr,8529,18,Surveilliance,
prd_661ab4af-4dee-499c-8da9-d3369127b2d4,9CH NVR 8MP 4K,JNX-000140,9ch-nvr-8mp-4k,8529,18,Surveilliance,
prd_b1b19794-fa72-4123-bda5-2e16576455cf,Aluminium Alloy Universal Camera Wall Mounting Bracket stand for CCTV Security Camera/IP Camera/Dome Camera - J Mount stand,JNX-000242,aluminium-alloy-universal-camera-wall-mounting-bracket-stand-for-cctv-security-cameraip-cameradome-camera-j-mount-stand,8529,18,Surveilliance,
prd_d6d290ac-6c4f-44a4-97bf-c29901ecc991,"Aluminum stand for CCTV adjustable 1 feet + 1 feet , 2 feet max - ALS-2F for projector, search light , bullet camera , dome camera ceilling mount",JNX-000163,aluminum-stand-for-cctv-adjustable-1-feet-1-feet-2-feet-max-als-2f-for-projector-search-light-bullet-camera-dome-camera-ceilling-mount,8529,18,Surveilliance,
prd_d3a33c1a-66db-43de-8252-47e5d7cb02cf,"Aluminum stand for CCTV adjustable 2 feet + 2 feet , 4 feet max - ALS-4F for projector, search light , bullet camera , dome camera",JNX-000164,aluminum-stand-for-cctv-adjustable-2-feet-2-feet-4-feet-max-als-4f-for-projector-search-light-bullet-camera-dome-camera,8529,18,Surveilliance,
prd_2cac7bea-8302-498e-99da-a7cedac7320c,"Aluminum stand for CCTV adjustable 3 feet + 3 feet , 6 feet max - ALS-6F for projector, search light , bullet camera , dome camera - CCTV stand",JNX-000355,aluminum-stand-for-cctv-adjustable-3-feet-3-feet-6-feet-max-als-6f-for-projector-search-light-bullet-camera-dome-camera-cctv-stand,8529,18,Surveilliance,
prd_c45309d3-d963-432f-be53-ff1b7a3526a9,anti rust strong metal door exit push button switch plate for Home Office access control system - steel button  ST303,JNX-000189,anti-rust-strong-metal-door-exit-push-button-switch-plate-for-home-office-access-control-system-steel-button-st303,8531,18,Access Control,
prd_9994fc76-abbe-41f9-9f09-1d5758f6defc,"Automatic Gate Opener for sliding gate motor ,  gate boom barrier , using USB transmitter inside car  BT-GATE55",JNX-000363,automatic-gate-opener-for-sliding-gate-motor-gate-boom-barrier-using-usb-transmitter-inside-car-bt-gate55,8529,18,Parking Management,
prd_807d9c5f-530f-4bcd-a574-11c4e8068f2a,automatic motion sensor light switch false ceiling mount with time delay and darkness adjustment,JNX-000183,automatic-motion-sensor-light-switch-false-ceiling-mount-with-time-delay-and-darkness-adjustment,8531,18,Smart Home Automation,
prd_69881bcb-043c-4079-a147-ed0f6725a4ae,Beetel B25-BE Corded Phone - Black,JNX-000075,beetel-b25-be-corded-phone-black,8529,18,Intercom and PABX,
prd_f63c4a55-bb7e-46b7-9fa6-097a6ac1bfff,Beetel C-11 Landline Basic Phone (Black,JNX-000074,beetel-c-11-landline-basic-phone-black,8529,18,Intercom and PABX,
prd_b69b576e-7969-402d-ae78-6fa543c8312c,Beetel C51  Display Telephone  landline phone black color,JNX-000191,beetel-c51-display-telephone-landline-phone-black-color,8529,18,Intercom and PABX,
prd_c35d945a-3ac1-4464-9907-9e800fc0bd27,"Big Size Panel Mount Fuse Holder  - Pack of 50 nos. penel mount hole diemeter 15mm,",JNX-000380,big-size-panel-mount-fuse-holder-pack-of-50-nos-penel-mount-hole-diemeter-15mm,8417,18,Robotics,
prd_4b8c4193-c316-47c3-bcf3-b909b9a08401,Biometric Fingerprint wardrobe Lock for Cabinet or Drawer I Electric Fingerprint Keyless Hidden File Drawer Wardrobe Wooden Furniture Cabinet Privacy Lock  DRL30B,JNX-000299,biometric-fingerprint-wardrobe-lock-for-cabinet-or-drawer-i-electric-fingerprint-keyless-hidden-file-drawer-wardrobe-wooden-furniture-cabinet-privacy-lock-drl30b,8531,18,Access Control,
prd_8eed0e13-df8c-4d9a-9c3f-d7dc1bf5c1af,"Black  RS485 out 13.56Mhz 1K mifare IC card reader IP65 , NFC reader output over Rs485",JNX-000287,black-rs485-out-1356mhz-1k-mifare-ic-card-reader-ip65-nfc-reader-output-over-rs485,8531,18,Access Control,
prd_e15818b9-82ce-4af5-b4ee-21b1ee01cfeb,"Black WG26/34 13.56Mhz 1K mifare IC card reader IP65 , NFC reader output over Wiegand",JNX-000286,black-wg2634-1356mhz-1k-mifare-ic-card-reader-ip65-nfc-reader-output-over-wiegand,8531,18,Access Control,
prd_58bf766b-2569-4a18-bf22-6bf0318d38ec,BNC connector  - copper wire 18cm long - Pack of 100 Nos.,JNX-000151,bnc-connector-copper-wire-18cm-long-pack-of-100-nos,8529,18,Cable and Connector,
prd_bd567062-e8af-4bf0-8b62-7050a49c342f,"bolt lock Kit - Including RFID access control , Power Supply , Exit Button , Tag and RFID cards - sliding door lock S32 bolt lock kit",JNX-000174,bolt-lock-kit-including-rfid-access-control-power-supply-exit-button-tag-and-rfid-cards-sliding-door-lock-s32-bolt-lock-kit,8531,18,Access Control,
prd_8ffd10e0-d5a4-43f6-9343-8c401932b976,"bolt lock waterproof  Kit - Including waterproof  RFID access control , Power Supply , Exit Button , Tag and RFID cards  remote kit- sliding door lock",JNX-000185,bolt-lock-waterproof-kit-including-waterproof-rfid-access-control-power-supply-exit-button-tag-and-rfid-cards-remote-kit-sliding-door-lock,8531,18,Access Control,
prd_2f9d5b55-54c4-404e-a70c-a36d96a92bc5,boom arm 6 meter telescopic type for boom barrier gate barrier parking barrier,JNX-000278,boom-arm-6-meter-telescopic-type-for-boom-barrier-gate-barrier-parking-barrier,8529,18,Parking Management,
prd_9605147a-6a50-4004-aa19-1c086d7707c5,"boom barrier mild steel powder coated fully automatic boom barrier for parking society factory high rise building , telescopic Boom Barrier Gate with 6 meter Boom and Remote and preventive fall sensor CMP800",JNX-000246,boom-barrier-mild-steel-powder-coated-fully-automatic-boom-barrier-for-parking-society-factory-high-rise-building-telescopic-boom-barrier-gate-with-6-meter-boom-and-remote-and-preventive-fall-sensor-cmp800,8529,18,Parking Management,
prd_06c582f2-c610-477a-9ac4-ba8980ea46e7,CareCam 360° Smart Pan Tilt Home Office WiFi Wireless Indoor Security 360° 3 Mp Camera | Color Night Vision | Up to 128 Gb Microsd Card supported | Motion Detection,JNX-000272,carecam-360-smart-pan-tilt-home-office-wifi-wireless-indoor-security-360-3-mp-camera-or-color-night-vision-or-up-to-128-gb-microsd-card-supported-or-motion-detection,8529,18,Surveilliance,
prd_55c0ccc3-22e3-4faf-a933-41eba0a53787,CCTV Bullet & Dome 360 Degree Mount Bracket Indoor Outdoor Extendable Tilt Up to 24 Inch DSLR Camera Projector Ceiling Wall Tabletop Stand,JNX-000374,cctv-bullet-and-dome-360-degree-mount-bracket-indoor-outdoor-extendable-tilt-up-to-24-inch-dslr-camera-projector-ceiling-wall-tabletop-stand,8529,18,Surveilliance,
prd_c6722efd-0fc6-4018-8d8c-5a63cf2a6dbc,"CCTV Camear speaker two way audio intercom speaker for IP camera , waterproof indoor and outdoor installation - Pack of 20Nos.",JNX-000303,cctv-camear-speaker-two-way-audio-intercom-speaker-for-ip-camera-waterproof-indoor-and-outdoor-installation-pack-of-20nos,8529,18,Surveilliance,
prd_41ddecb0-cc58-404b-b7d2-89c660637ede,"CCTV Camera cage , outdoor CCTV camera protection from monkey - Pack of 5 Nos.",JNX-000225,cctv-camera-cage-outdoor-cctv-camera-protection-from-monkey-pack-of-5-nos,8529,18,Surveilliance,
prd_710d2dc6-e5ae-4af1-91b7-1479a0a6759d,"Ceiling Mount TV Stand Projector , Monitor Mount  Height & Angle Adjustable for 26” to 65” - CP413",JNX-000259,ceiling-mount-tv-stand-projector-monitor-mount-height-and-angle-adjustable-for-26-to-65-cp413,8529,18,Surveilliance,
prd_5e0eccd4-70c6-40b9-8991-d45e061b57fc,Connector Cable for drawer Lock control board pack of 6 Pairs 4 Pin JST XH 2.54mm Pitch Plug and Socket with Cable,JNX-000359,connector-cable-for-drawer-lock-control-board-pack-of-6-pairs-4-pin-jst-xh-254mm-pitch-plug-and-socket-with-cable,8531,18,Access Control,
prd_ed4fc2c2-2bdb-49ae-889c-09b7ac5c5dfe,Contactless card reader Proximity card reader 125 kHz RFID reader with WG26/34 Out to add with door controller IP65 Smart Card Reader- 125khzWG26/34,JNX-000266,contactless-card-reader-proximity-card-reader-125-khz-rfid-reader-with-wg2634-out-to-add-with-door-controller-ip65-smart-card-reader-125khzwg2634,8531,18,Access Control,
prd_553f3a9b-4188-4bdc-acbd-ddbe2622d1e0,Contactless card reader Proximity card reader 1K IC mifare NFC + 125 kHz RFID  IC + ID reader with WG26/34 Out to add with door controller IP65 IC+ID,JNX-000381,contactless-card-reader-proximity-card-reader-1k-ic-mifare-nfc-125-khz-rfid-ic-id-reader-with-wg2634-out-to-add-with-door-controller-ip65-icid,8531,18,Access Control,
prd_16618e77-a889-4c14-bb20-f4854f36caab,Day Night Sensor Pack of 2 Nos.  220V 10A Auto On Off Day/Night Photocell Sensor Photocell Light Switch Photoswitch Light Sensor Switch (220V) - Pack of 2 Nos.  DNS12X2,JNX-000300,day-night-sensor-pack-of-2-nos-220v-10a-auto-on-off-daynight-photocell-sensor-photocell-light-switch-photoswitch-light-sensor-switch-220v-pack-of-2-nos-dns12x2,8531,18,Smart Home Automation,
prd_1a5b59d4-5156-47b3-b0ff-d1b9fd8b7633,DC Cable for CCTV camera - pigtail - Pack of 100 nos.,JNX-000152,dc-cable-for-cctv-camera-pigtail-pack-of-100-nos,8529,18,Surveilliance,
prd_957ebe1f-61e2-4fa8-9ef2-4623a2e4ff35,"Door Exit Button Suitable for Door Lock, EM Lock, Door Bell, Motor Lock with NO & NC Contact",JNX-000188,door-exit-button-suitable-for-door-lock-em-lock-door-bell-motor-lock-with-no-and-nc-contact,8531,18,Access Control,
prd_4d45cd54-1855-459e-80f7-b2388b1fea67,Door Mortise Lock Installation Machine: The Ultimate Solution for Fitting Mortise Locks on Doors and Gates with 19Mm & 21mm Bit,JNX-000382,door-mortise-lock-installation-machine-the-ultimate-solution-for-fitting-mortise-locks-on-doors-and-gates-with-19mm-and-21mm-bit,8531,18,Access Control,
prd_b3d2f098-653e-4a8a-8c97-f8176ead38cb,Duel Lens 4G Sim Card PTZ Outdoor CCTV Camera 360 degree rotation,JNX-000295,duel-lens-4g-sim-card-ptz-outdoor-cctv-camera-360-degree-rotation,8529,18,Surveilliance,
prd_4bfc5a09-f726-4bcb-90cf-02d4c265c6cb,duel lens wifi CCTV Camera outdoor PTZ 360 degree rotation camera,JNX-000296,duel-lens-wifi-cctv-camera-outdoor-ptz-360-degree-rotation-camera,8529,18,Surveilliance,
prd_4690d645-39d9-46ac-9432-e79ae805be66,DVR rack 13x11x5 waterproof,JNX-000192,dvr-rack-13x11x5-waterproof,8529,18,Surveilliance,
prd_250e6a89-43ce-417f-b626-616219bb6fb0,E18-D80NK Adjustable IR Sensor Proximity Switch 3-80cm Range - NC Type low level trigger,JNX-000143,e18-d80nk-adjustable-ir-sensor-proximity-switch-3-80cm-range-nc-type-low-level-trigger,8417,18,Robotics,
prd_685815b3-8e1f-4182-b112-66cdd0ce4ab3,elcom EMO-61-X 6A 250V 16A 250V AC socket EMO-61-256-V1 size  pack of 50 nos.,JNX-000378,elcom-emo-61-x-6a-250v-16a-250v-ac-socket-emo-61-256-v1-size-pack-of-50-nos,8417,18,Robotics,
prd_043a95ad-048c-4d4d-bec5-f0f627427445,elevator or lift access control board to set floor specific access to specific user . 1 to 10 Floor Solution with free PC Software for lift,JNX-000280,elevator-or-lift-access-control-board-to-set-floor-specific-access-to-specific-user-1-to-10-floor-solution-with-free-pc-software-for-lift,8531,18,Access Control,
prd_0f151e3a-af6e-4b55-9655-96316ecb6fe2,"EM Lock Kit - Including RFID access control , Power Supply , Exit Button , Tag and RFID cards  S32 EM Lock Kit",JNX-000172,em-lock-kit-including-rfid-access-control-power-supply-exit-button-tag-and-rfid-cards-s32-em-lock-kit,8531,18,Access Control,
prd_d408335f-69d6-473f-b8c0-676c87967af1,ESP8266 ESP-01 5V WiFi Relay Module ( Pack of 10 Nos.) ESP01 Relay Module,JNX-000198,esp8266-esp-01-5v-wifi-relay-module-pack-of-10-nos-esp01-relay-module,8529,18,Robotics,
prd_c95e8efb-cadc-4272-8f0d-5930eda4fc02,"Face, Fingerprint, Password Time & Attendance Machine and Access Control System, Face Capacity: 2000 Finger Capacity: 3000 , Card Capacity : 2000   CA175N24F  USB data download",JNX-000291,face-fingerprint-password-time-and-attendance-machine-and-access-control-system-face-capacity-2000-finger-capacity-3000-card-capacity-2000-ca175n24f-usb-data-download,8531,18,Access Control,
prd_dd5b3bb3-4980-467f-a5c4-e43a33c1f535,FACE RECOGNITION ATTENDANCE & ACCESS CONTROL SYSTEM - Time attendance Face Machine AI Face Mars Speed Face Time & Attendance Device ZY740,JNX-000362,face-recognition-attendance-and-access-control-system-time-attendance-face-machine-ai-face-mars-speed-face-time-and-attendance-device-zy740,8531,18,Access Control,
prd_05b09f4f-fdcd-4555-92ca-bf7faad3ddc9,"Fingerprint Access control Machine with Fingerprint Access and Card Access , Biometric Fingerprint Time Attendance Clock Employee Checking-in Recorder with Build-in SSR Excel Software -  X50",JNX-000324,fingerprint-access-control-machine-with-fingerprint-access-and-card-access-biometric-fingerprint-time-attendance-clock-employee-checking-in-recorder-with-build-in-ssr-excel-software-x50,8531,18,Access Control,
prd_e1e79df7-cc04-4ec5-9e6f-346888b60fbc,"Fingerprint Access Control Machine with Fingerprint Access and Card Access Fingerprint Access Control System for Doors, Lift & Barriers  3 in one machine Password RFID and finger  X6",JNX-000081,fingerprint-access-control-machine-with-fingerprint-access-and-card-access-fingerprint-access-control-system-for-doors-lift-and-barriers-3-in-one-machine-password-rfid-and-finger-x6,8531,18,Access Control,
prd_357c0bd7-5caa-403c-a552-c53f052ace16,"Full glass lock Kit  Including RFID access control , Power Supply , Exit Button , Tag and RFID cards  tuffen glass kit S32 glass lock kit",JNX-000173,full-glass-lock-kit-including-rfid-access-control-power-supply-exit-button-tag-and-rfid-cards-tuffen-glass-kit-s32-glass-lock-kit,8531,18,Access Control,
prd_6aceac32-7406-4c74-a0ef-db44292ab3c2,gate barrier arm rest  boom barrier rest,JNX-000371,gate-barrier-arm-rest-boom-barrier-rest,8529,18,Parking Management,
prd_7fcf4121-fdd3-41a5-9349-bb28c0fdead9,GI Rack for Automatic Sliding Gate GI track  10mm thick 1005mm long with 3 spacer,JNX-000238,gi-rack-for-automatic-sliding-gate-gi-track-10mm-thick-1005mm-long-with-3-spacer,8531,18,Access Control,
prd_a49c67e3-5c59-4615-9771-4ead90926b09,"Glass Door Lock - Smart Glass door lock key less wifi wirefree smart door lock WiFi Smart Glass Door Lock, Digital Glass Lock with Wireless Remote,Fingerprint, PIN, IC Card, Mobile App Control,  K618-125mm",JNX-000344,glass-door-lock-smart-glass-door-lock-key-less-wifi-wirefree-smart-door-lock-wifi-smart-glass-door-lock-digital-glass-lock-with-wireless-remotefingerprint-pin-ic-card-mobile-app-control-k618-125mm,8531,18,Access Control,
prd_4f428d99-c06f-40c9-b3ed-7008453baf82,"Glass Door Lock with remote - Smart Glass door lock key less wifi wirefree smart door lock WiFi Smart Glass Door Lock, Digital Glass Lock with Wireless Remote,Fingerprint, PIN, IC Card, Mobile App Control,  K618-125mm - Remote",JNX-000377,glass-door-lock-with-remote-smart-glass-door-lock-key-less-wifi-wirefree-smart-door-lock-wifi-smart-glass-door-lock-digital-glass-lock-with-wireless-remotefingerprint-pin-ic-card-mobile-app-control-k618-125mm-remote,8531,18,Access Control,
prd_338b275a-fdef-4b74-aef1-3c53bd61d71a,HDMI extender - 30M over single LAN cable RJ45,JNX-000148,hdmi-extender-30m-over-single-lan-cable-rj45,8529,18,Cable and Connector,
prd_b5ca173a-f8cc-47fd-8dd4-e716795e1781,"Heavy Duty 12V/24V DC Solenoid Latch Smart Safe Electronic Key-Less Motor Driven Locker Cabinet Lock I Hidden Solenoid Electric Lock with State Detection Feedback (if Lock is Closed or not) Cabinet Lock, Black  HD240",JNX-000366,heavy-duty-12v24v-dc-solenoid-latch-smart-safe-electronic-key-less-motor-driven-locker-cabinet-lock-i-hidden-solenoid-electric-lock-with-state-detection-feedback-if-lock-is-closed-or-not-cabinet-lock-black-hd240,8531,18,Access Control,
prd_96aa58d7-e08d-4a23-a0f4-05e4062f94e7,Heavy Duty Rotating Tv Wall Mount For 14 To 42 Inch LED/HD/LCD TV Swivel Type Full Motion TV Wall Mount,JNX-000261,heavy-duty-rotating-tv-wall-mount-for-14-to-42-inch-ledhdlcd-tv-swivel-type-full-motion-tv-wall-mount,8529,18,Surveilliance,
prd_bcdda682-71c5-46a1-9f70-61a315f25991,"heavy duty society gate barrier boom barrier mild steel powder coated fully automatic boom barrier for parking society factory high rise building , telescopic Boom Barrier Gate with 6 meter Boom and Remote and preventive fall sensor  CMP1200",JNX-000302,heavy-duty-society-gate-barrier-boom-barrier-mild-steel-powder-coated-fully-automatic-boom-barrier-for-parking-society-factory-high-rise-building-telescopic-boom-barrier-gate-with-6-meter-boom-and-remote-and-preventive-fall-sensor-cmp1200,8529,18,Parking Management,
prd_2e049dc1-f584-45b6-82b8-db1304d9b37c,"Hidden bolt lock Kit - Including RFID access control , Power Supply , Exit Button , Tag and RFID cards - sliding door lock",JNX-000206,hidden-bolt-lock-kit-including-rfid-access-control-power-supply-exit-button-tag-and-rfid-cards-sliding-door-lock,8531,18,Access Control,
prd_307c3e61-bc8b-4eef-8860-1b2f633781c6,High Security Fingerprint Smart Glass Door Lock  Electric Door Lock Smart Office Cabin Door Lock Tuya wifi smart life sliding glass door lock K616,JNX-000312,high-security-fingerprint-smart-glass-door-lock-electric-door-lock-smart-office-cabin-door-lock-tuya-wifi-smart-life-sliding-glass-door-lock-k616,8531,18,Access Control,
prd_4c3462c6-2e45-4283-ab16-f561677c14af,High voltage KCD4 Red 250V 16A DPST ON-OFF 4 Pin Rocker Switch  pack of 50 nos.,JNX-000379,high-voltage-kcd4-red-250v-16a-dpst-on-off-4-pin-rocker-switch-pack-of-50-nos,8417,18,Robotics,
prd_5356499c-4d88-4aa3-aab5-d2ea12bf14e0,"Infrared Illuminator 15pcs Array IR LEDs IR Illuminator Wide Angle Long Range Outdoor Waterproof for CCTV Security Camera ,  Wild Animal ,  Army camp",JNX-000281,infrared-illuminator-15pcs-array-ir-leds-ir-illuminator-wide-angle-long-range-outdoor-waterproof-for-cctv-security-camera-wild-animal-army-camp,8529,18,Surveilliance,
prd_85db025e-3e0b-4c3f-abed-bd9668ad0372,J 600 Aluminium Alloy Universal Camera Wall Mounting Bracket stand for CCTV Security Camera/IP Camera/Dome Camera - J Mount stand - Copy,JNX-000243,j-600-aluminium-alloy-universal-camera-wall-mounting-bracket-stand-for-cctv-security-cameraip-cameradome-camera-j-mount-stand-copy,8529,18,Surveilliance,
prd_4f17ab4f-7ae9-41e1-b7be-5622891bc0ed,J1000 Aluminium Alloy Universal Camera Wall Mounting Bracket stand for CCTV Security Camera/IP Camera/Dome Camera - J Mount stand,JNX-000244,j1000-aluminium-alloy-universal-camera-wall-mounting-bracket-stand-for-cctv-security-cameraip-cameradome-camera-j-mount-stand,8529,18,Surveilliance,
prd_35dedb7a-cf2a-4ff1-8173-7db6393b1e1e,"Jenix  HDMI cable anti rodent nylon jacket Round Anti Rodent HDMI Cable Male to Male for Projector, Plasma TV, Ultra HD TV, Home Theater  1.5M",JNX-000099,jenix-hdmi-cable-anti-rodent-nylon-jacket-round-anti-rodent-hdmi-cable-male-to-male-for-projector-plasma-tv-ultra-hd-tv-home-theater-15m,8529,18,Cable and Connector,
prd_f22c493a-d6e2-48d9-ac2e-997455568181,"Jenix  HDMI cable anti rodent nylon jacket Round Anti Rodent HDMI Cable Male to Male for Projector, Plasma TV, Ultra HD TV, Home Theater  3 Meter",JNX-000100,jenix-hdmi-cable-anti-rodent-nylon-jacket-round-anti-rodent-hdmi-cable-male-to-male-for-projector-plasma-tv-ultra-hd-tv-home-theater-3-meter,8529,18,Cable and Connector,
prd_44649571-5a45-4c3a-81f8-58128dffb5a9,"Jenix  HDMI cable anti rodent nylon jacket Round Anti Rodent HDMI Cable Male to Male for Projector, Plasma TV, Ultra HD TV, Home Theater  5 Meter",JNX-000101,jenix-hdmi-cable-anti-rodent-nylon-jacket-round-anti-rodent-hdmi-cable-male-to-male-for-projector-plasma-tv-ultra-hd-tv-home-theater-5-meter,8529,18,Cable and Connector,
prd_c1877441-9932-45ee-854b-b2c39080476e,"Jenix  HDMI cable anti rodent nylon jacket Round Anti Rodent HDMI Cable Male to Male for Projector, Plasma TV, Ultra HD TV, Home Theater  10 meter",JNX-000102,jenix-hdmi-cable-anti-rodent-nylon-jacket-round-anti-rodent-hdmi-cable-male-to-male-for-projector-plasma-tv-ultra-hd-tv-home-theater-10-meter,8529,18,Cable and Connector,
prd_859f7045-550f-4869-80f1-4897d5e713dc,"Jenix  HDMI cable anti rodent nylon jacket Round Anti Rodent HDMI Cable Male to Male for Projector, Plasma TV, Ultra HD TV, Home Theater  15 Meter",JNX-000103,jenix-hdmi-cable-anti-rodent-nylon-jacket-round-anti-rodent-hdmi-cable-male-to-male-for-projector-plasma-tv-ultra-hd-tv-home-theater-15-meter,8529,18,Cable and Connector,
prd_23e7446f-1d8b-4cdd-81e8-6421fbfa750e,"Jenix  HDMI cable anti rodent nylon jacket Round Anti Rodent HDMI Cable Male to Male for Projector, Plasma TV, Ultra HD TV, Home Theater  20 Meter",JNX-000104,jenix-hdmi-cable-anti-rodent-nylon-jacket-round-anti-rodent-hdmi-cable-male-to-male-for-projector-plasma-tv-ultra-hd-tv-home-theater-20-meter,8529,18,Cable and Connector,
prd_9b0ac866-512e-4b9c-86e8-2088bfd8c215,"Jenix  tuya wifi Fan Speed RegulatorI Smart Home Automation Solution | smart fan regulator smart life | Compatible with Alexa, Google Home with Voice Assistant | Timer Controller",JNX-000088,jenix-tuya-wifi-fan-speed-regulatori-smart-home-automation-solution-or-smart-fan-regulator-smart-life-or-compatible-with-alexa-google-home-with-voice-assistant-or-timer-controller,8529,18,Smart Home Automation,
prd_65a48757-3739-4d1f-997c-4e457ba2c642,"Jenix 10A Wifi Smart Switch for Home Automation with Alexa/Google Assistant Enabled, Remote Control, Android and iOS Support Switch, White, Pack of 1",JNX-000061,jenix-10a-wifi-smart-switch-for-home-automation-with-alexagoogle-assistant-enabled-remote-control-android-and-ios-support-switch-white-pack-of-1,8529,18,Smart Home Automation,
prd_7b1582f6-1a2d-4396-bd31-e65b1e472a28,"jenix 1200 LBS Double Leaf EM Lock with feedback  led LIGHT 12V and 24V DC both supported , EM1200 DL  600LBSx2",JNX-000277,jenix-1200-lbs-double-leaf-em-lock-with-feedback-led-light-12v-and-24v-dc-both-supported-em1200-dl-600lbsx2,8531,18,Access Control,
prd_effc0920-14d2-4e82-992e-108d03a74bc4,Jenix 125kHz RFID Proximity Sensor ID Tag Token Access Control Card Keyfob Keychain I Pack of 100 nos.,JNX-000285,jenix-125khz-rfid-proximity-sensor-id-tag-token-access-control-card-keyfob-keychain-i-pack-of-100-nos,8531,18,Access Control,
prd_4e17d3cf-7f8b-43b0-a3d3-6f8ead15c2cd,Jenix 125kHz RFID Proximity Sensor ID Tag Token Access Control Card Keyfob Keychain I Pack of 20 tags,JNX-000327,jenix-125khz-rfid-proximity-sensor-id-tag-token-access-control-card-keyfob-keychain-i-pack-of-20-tags,8531,18,Access Control,
prd_b0b1d9e0-3e74-497e-a0d7-f0db1765f8b0,Jenix 125kHz RFID Proximity Sensor ID Tag Token Access Control Card Keyfob Keychain I Set of 10,JNX-000047,jenix-125khz-rfid-proximity-sensor-id-tag-token-access-control-card-keyfob-keychain-i-set-of-10,8531,18,Access Control,
prd_c8f34160-4260-486d-be76-659afa212122,Jenix 12MP Night Vision Spy Camera Hidden in Electric Lighter Audio Video Micro Hidden Camera Portable Mini Camera,JNX-000144,jenix-12mp-night-vision-spy-camera-hidden-in-electric-lighter-audio-video-micro-hidden-camera-portable-mini-camera,8529,18,Surveilliance,
prd_8d7bf840-4620-4386-8586-f49eee7620bb,jenix 12V DC 4 Wire Doorbell for Home Office Access Control Doorbell DC 12V Wired Doorbell Door Bell Chime,JNX-000117,jenix-12v-dc-4-wire-doorbell-for-home-office-access-control-doorbell-dc-12v-wired-doorbell-door-bell-chime,8531,18,Access Control,
prd_81ce7f66-7d1a-4506-821e-3086a56c00ab,Jenix 12V DC Wired Doorbell with 4 Wires for Home Office Access Control System Wired Door Bell ABS,JNX-000051,jenix-12v-dc-wired-doorbell-with-4-wires-for-home-office-access-control-system-wired-door-bell-abs,8531,18,Access Control,
prd_2f1a53cb-1d0c-4d90-a691-2a29c9cb20bb,Jenix 12V Delay Relay Board LED Display Automation Digital Delay Timer Control Switch Relay Module,JNX-000087,jenix-12v-delay-relay-board-led-display-automation-digital-delay-timer-control-switch-relay-module,8531,18,Access Control,
prd_6b15f921-90c2-45f4-8c37-7ab42cdbf840,"Jenix 12V Solenoid Latch Smart Safe Electronic Key-Less Motor Driven Locker Cabinet Lock I Hidden Solenoid Electric Lock with State Detection Feedback (if Lock is Closed or not) Cabinet Lock, Black  JP201",JNX-000008,jenix-12v-solenoid-latch-smart-safe-electronic-key-less-motor-driven-locker-cabinet-lock-i-hidden-solenoid-electric-lock-with-state-detection-feedback-if-lock-is-closed-or-not-cabinet-lock-black-jp201,8531,18,Access Control,
prd_0aa70ef9-adbd-4cfa-85ef-7c328fdd9d08,"Jenix 130 dB Car Bike Safety Burglar Alarm Waterproof with Remote, Home Security Vibration Sensor, Wireless Anti Theft Device for Vehicle, Vibration Sensors SOS Panic Button Vehicle Finder",JNX-000031,jenix-130-db-car-bike-safety-burglar-alarm-waterproof-with-remote-home-security-vibration-sensor-wireless-anti-theft-device-for-vehicle-vibration-sensors-sos-panic-button-vehicle-finder,8531,18,Security Alarm System,
prd_f6a2f957-6189-41fe-931e-6fc460fae30c,"jenix 2 door intelligent Access Control Card ,Network TCP/IP Access Control Panel Board Reader for Wiegand 4 input 2 Door Access Controller  L-2D",JNX-000265,jenix-2-door-intelligent-access-control-card-network-tcpip-access-control-panel-board-reader-for-wiegand-4-input-2-door-access-controller-l-2d,8531,18,Access Control,
prd_1954a7ef-a579-4d11-ad90-62528ad139f9,"Jenix 4 line in and 48 Extension PBX Telephone Exchange Expandable to 120 Extension and 16 line in PABX for Hotel, Hospital, EPABX 4 line 48 Extension Telephone intercom PBX 448E",JNX-000090,jenix-4-line-in-and-48-extension-pbx-telephone-exchange-expandable-to-120-extension-and-16-line-in-pabx-for-hotel-hospital-epabx-4-line-48-extension-telephone-intercom-pbx-448e,8529,18,Intercom and PABX,
prd_2cfa7092-e182-467c-925b-81201375944e,jenix 48V POE injector  single port 802.3at/af,JNX-000138,jenix-48v-poe-injector-single-port-8023ataf,8529,18,Surveilliance,
prd_8a80c5a2-58e2-4aa4-9d21-77c522bf3e67,jenix 4G router,JNX-000070,jenix-4g-router,8529,18,4G Router,
prd_895a0629-8a43-4d05-99b2-9833b13cef8e,jenix 5 port Full Gigabyte Desktop switch,JNX-000068,jenix-5-port-full-gigabyte-desktop-switch,8529,18,Surveilliance,
prd_efebf922-2d67-4b14-8ce1-fa1a34996cda,Jenix 5V 30A Relay Module Optocoupler Isolation High Power Relay High/Low Level Trigger suitable for all Micro controller,JNX-000110,jenix-5v-30a-relay-module-optocoupler-isolation-high-power-relay-highlow-level-trigger-suitable-for-all-micro-controller,8417,18,Robotics,
prd_25f72cc5-a3b7-41ed-9c49-3d2a373b434a,Jenix 8 port full gigabyte desktop switch,JNX-000069,jenix-8-port-full-gigabyte-desktop-switch,8529,18,Network and Periferrals,
prd_4fe0466b-0f66-4223-9cfe-a7c6749f9832,"jenix Access Control Board,Network TCP/IP Access Control Panel Board Reader for Wiegand 4 Door Use Access Controller WG-4D",JNX-000253,jenix-access-control-boardnetwork-tcpip-access-control-panel-board-reader-for-wiegand-4-door-use-access-controller-wg-4d,8531,18,Access Control,
prd_c9086af9-b033-433d-a24d-f0d40791d396,"jenix Access Control Board,Network TCP/IP Access Control Panel Board Reader for Wiegand 1 Door Use Access Controller  for Boom Barrier , Sliding  Gate Motor, Bank, Factory , Locker room  L-1D",JNX-000254,jenix-access-control-boardnetwork-tcpip-access-control-panel-board-reader-for-wiegand-1-door-use-access-controller-for-boom-barrier-sliding-gate-motor-bank-factory-locker-room-l-1d,8529,18,Parking Management,
prd_1c09950d-aa5b-4c52-9edf-729f29df913c,Jenix audio bug listen audio using sim card,JNX-000113,jenix-audio-bug-listen-audio-using-sim-card,8529,18,Surveilliance,
prd_8c697ea8-e891-4843-a3ae-113f8e102ae6,"Jenix Audio Door Phone Security System for Villa, Multi Flat, One to One Intercom, Phone for Lock with 220V AC Operated",JNX-000024,jenix-audio-door-phone-security-system-for-villa-multi-flat-one-to-one-intercom-phone-for-lock-with-220v-ac-operated,8531,18,Access Control,
prd_51050d22-cb40-4743-9dcc-dfb4cde46f58,"Jenix Audio Door Phone Security System for Villa Along with Electronic Door Lock, Door Lock System Open by Two-Way Door Phone Home Security Intercom System Audio Door Phone",JNX-000017,jenix-audio-door-phone-security-system-for-villa-along-with-electronic-door-lock-door-lock-system-open-by-two-way-door-phone-home-security-intercom-system-audio-door-phone,8531,18,Access Control,
prd_cf2a73ed-222c-4a39-af4f-e5d27d5df210,"Jenix big Size PVC DVR/Server/Network Cabinet Box/Rack for CCTV DVR/NVR/POE Switch with Power Socket Ideal for 4/8 Channel CCTV System for Both Indoor and Outdoor Purpose, Size 17X15X6 Inch",JNX-000139,jenix-big-size-pvc-dvrservernetwork-cabinet-boxrack-for-cctv-dvrnvrpoe-switch-with-power-socket-ideal-for-48-channel-cctv-system-for-both-indoor-and-outdoor-purpose-size-17x15x6-inch,8529,18,Surveilliance,
prd_ded9b28e-4d3e-464d-9792-af80df42544b,"jenix biometric personal pad lock for gym , swipping pool , club , lock open by mobile app and finger - JXL11PT",JNX-000213,jenix-biometric-personal-pad-lock-for-gym-swipping-pool-club-lock-open-by-mobile-app-and-finger-jxl11pt,8531,18,Access Control,
prd_d0000c31-98d2-408f-8dc4-32eb1419cb79,jenix cctv camera - 4MP IP camera audio mic color night vision smart flash light on human detection  indoor dome camera,JNX-000175,jenix-cctv-camera-4mp-ip-camera-audio-mic-color-night-vision-smart-flash-light-on-human-detection-indoor-dome-camera,8529,18,Surveilliance,
prd_a8e2340c-4013-40ab-bd25-89dc0d0286a6,jenix cctv camera - 4MP IP camera audio mic color night vision smart flash light on human detection  outdoor bullet camera,JNX-000176,jenix-cctv-camera-4mp-ip-camera-audio-mic-color-night-vision-smart-flash-light-on-human-detection-outdoor-bullet-camera,8529,18,Surveilliance,
prd_d9c594f9-0946-490d-af20-eaef75d41a10,Jenix CCTV Camera Direct Pole 360 Degree Mounting Stand/Bracket with Steel Looping Ring with 200 MM Diameter I Hoop Mounting Bullet Camera Stand Bracket,JNX-000056,jenix-cctv-camera-direct-pole-360-degree-mounting-standbracket-with-steel-looping-ring-with-200-mm-diameter-i-hoop-mounting-bullet-camera-stand-bracket,8529,18,Surveilliance,
prd_788d33fb-7acb-4277-ae74-114047b88add,"Jenix CCTV Camera Wall Mount Stand, 200mm Camera Wall/ Celling Mounting Bracket Adjustable Security Camera Mounting Bracket Extension Bracket for Home CCTV Camera Security System Mounting",JNX-000039,jenix-cctv-camera-wall-mount-stand-200mm-camera-wall-celling-mounting-bracket-adjustable-security-camera-mounting-bracket-extension-bracket-for-home-cctv-camera-security-system-mounting,8529,18,Surveilliance,
prd_7ff15ad5-f8cd-4366-828a-043e5dcff3b6,"Jenix CCTV Camera Wall Mount Stand, 150mm Camera Wall/ Celling Mounting Bracket Adjustable Security Camera Mounting Bracket Extension Bracket for Home CCTV Camera Security System Mounting",JNX-000042,jenix-cctv-camera-wall-mount-stand-150mm-camera-wall-celling-mounting-bracket-adjustable-security-camera-mounting-bracket-extension-bracket-for-home-cctv-camera-security-system-mounting,8529,18,Surveilliance,
prd_377e0c42-406c-4260-8860-d9f9cd0643e7,Jenix CCTV Pickup Audio Surveillance Microphone MIC for CCTV Systems in pencil shape premium quality yellow mic volume adjustment,JNX-000086,jenix-cctv-pickup-audio-surveillance-microphone-mic-for-cctv-systems-in-pencil-shape-premium-quality-yellow-mic-volume-adjustment,8529,18,Surveilliance,
prd_a88e8edd-aa85-41fc-ab75-141a657ed2d8,Jenix CCTV Pickup Audio Surveillance Microphone MIC for CCTV Systems in Round Shape,JNX-000085,jenix-cctv-pickup-audio-surveillance-microphone-mic-for-cctv-systems-in-round-shape,8529,18,Surveilliance,
prd_25147c98-61d9-4c55-ace9-cab0cbfd5276,Jenix Ceiling Mounted 360 Degree Energy PIR Motion Sensor Detector Switch with Light Sensor I Automatic Switch ON and Off Light up to 10Amp Load I 230V Energy Saving Motion Sensor Light,JNX-000107,jenix-ceiling-mounted-360-degree-energy-pir-motion-sensor-detector-switch-with-light-sensor-i-automatic-switch-on-and-off-light-up-to-10amp-load-i-230v-energy-saving-motion-sensor-light,8531,18,Smart Home Automation,
prd_c8fb2fb9-7240-419c-b8ce-9cba7df58ab2,"Jenix Color Night Vision Wireless IP Bullet CCTV Camera, Waterproof 4X Optical Zoom CCTV Camera for Outdoor Shop Home  XM-WIFI-Bullet",JNX-000112,jenix-color-night-vision-wireless-ip-bullet-cctv-camera-waterproof-4x-optical-zoom-cctv-camera-for-outdoor-shop-home-xm-wifi-bullet,8529,18,Surveilliance,
prd_5900d94c-2333-4068-b707-78d9b66c7b3b,"Jenix Digital Smart Lock Hidden or Invisible with RFID Cards for Wardrobe, Cabinet or Drawer Master & User Cards with Lock (Black , Polished Finish)",JNX-000023,jenix-digital-smart-lock-hidden-or-invisible-with-rfid-cards-for-wardrobe-cabinet-or-drawer-master-and-user-cards-with-lock-black-polished-finish,8531,18,Access Control,
prd_5b3a8767-ccc4-449b-8a08-2ff44ac384b6,"Jenix Digital Smart Lock Hidden or Invisible with RFID Cards for Wardrobe, Cabinet or Drawer with Extra Power Cable and RFID Card I Stealthlock Keyless Locking System (Pack of 1)",JNX-000018,jenix-digital-smart-lock-hidden-or-invisible-with-rfid-cards-for-wardrobe-cabinet-or-drawer-with-extra-power-cable-and-rfid-card-i-stealthlock-keyless-locking-system-pack-of-1,8531,18,Access Control,
prd_f8c2dc9d-32d2-436c-be5e-bd46c8baf772,"jenix door access control system to open door lock by RFID card , Password, door lock access controller T11WG  S32",JNX-000080,jenix-door-access-control-system-to-open-door-lock-by-rfid-card-password-door-lock-access-controller-t11wg-s32,8531,18,Access Control,
prd_b6610a72-94c1-4a69-be20-dc460f0b0d0f,Jenix Door Lock Coil I DC 9-12V Universal Electric Rim Lock Coil Driver Door Lock Parts,JNX-000052,jenix-door-lock-coil-i-dc-9-12v-universal-electric-rim-lock-coil-driver-door-lock-parts,8531,18,Access Control,
prd_59dcc5d1-5e8d-4bcd-89cd-b11c4f0758af,jenix door lock power supply to open lock by remote control for EM Lock BOLT LOCK,JNX-000123,jenix-door-lock-power-supply-to-open-lock-by-remote-control-for-em-lock-bolt-lock,8531,18,Access Control,
prd_04c05685-9ac1-446d-b564-700f8cffa727,jenix door lock power supply to open lock by remote control,JNX-000083,jenix-door-lock-power-supply-to-open-lock-by-remote-control,8531,18,Access Control,
prd_77e0c11d-d7a1-4411-ad90-b598f1ceef07,"Jenix Double Beam IR Sensor 300m Indoor 100 Meter Outdoor IR Infrared Beam Detector for Home Villa, Farm House, Factory, Fencing Boundary Wall I IR Waterproof Sensor Burglar Alarm Security System",JNX-000032,jenix-double-beam-ir-sensor-300m-indoor-100-meter-outdoor-ir-infrared-beam-detector-for-home-villa-farm-house-factory-fencing-boundary-wall-i-ir-waterproof-sensor-burglar-alarm-security-system,8531,18,Security Alarm System,
prd_771cbb52-a056-475e-a2ad-bfd43817ef2b,"Jenix Electric Lock Solenoid Cabinet | Drawer Door Lock | 12V DC 1.1A Small Electric Lock Access Control System Mini Locks, Iron material, Silver",JNX-000012,jenix-electric-lock-solenoid-cabinet-or-drawer-door-lock-or-12v-dc-11a-small-electric-lock-access-control-system-mini-locks-iron-material-silver,8531,18,Access Control,
prd_4a53e36a-79e5-4ff0-9f18-c5c01d313591,"Jenix Electrical Toggle Switch, SPDT, NO NC, 2 Way Switch ON OFF ON, 3 A/250V AC, 3 PIN NO COM NC Terminal - PACK OF 10",JNX-000216,jenix-electrical-toggle-switch-spdt-no-nc-2-way-switch-on-off-on-3-a250v-ac-3-pin-no-com-nc-terminal-pack-of-10,8417,18,Robotics,
prd_193ea89a-0b1a-4a4b-97a4-a47250629f7d,"jenix Electronic Door Lock For House Main Metal Door, Gate, To Operate By Remote, electric rim lock with 3 Remote and Door Exit button RIM Lock+ remote",JNX-000279,jenix-electronic-door-lock-for-house-main-metal-door-gate-to-operate-by-remote-electric-rim-lock-with-3-remote-and-door-exit-button-rim-lock-remote,8531,18,Access Control,
prd_51be7bd7-872b-4f12-90bc-6521f3382c2f,Jenix Electronic Door Lock Suitable for Outdoor Main Gate Wood gate Villa Flate for Electric Lock Security System Rim Lock,JNX-000001,jenix-electronic-door-lock-suitable-for-outdoor-main-gate-wood-gate-villa-flate-for-electric-lock-security-system-rim-lock,8531,18,Access Control,
prd_77aab079-f6ae-4919-82c6-3dcb7c9746d3,"Jenix EM Door Lock with Holding Force 12V/ 24V for lift 300Kg 600Lbs made of Copper coil for Access Control of Door and Gate , Fail Safe Electromagnetic Door Lock  with feedback indicator-EM600",JNX-000002,jenix-em-door-lock-with-holding-force-12v-24v-for-lift-300kg-600lbs-made-of-copper-coil-for-access-control-of-door-and-gate-fail-safe-electromagnetic-door-lock-with-feedback-indicator-em600,8531,18,Access Control,
prd_3a017287-c78c-42ff-9d19-0393df27ca99,Jenix EPABX Telephone Intercom System 1 Main/Trunk/FCT Device Line and 8 Landline Phone Subscriber Connection Mini Telephone Exchange PBX 108,JNX-000078,jenix-epabx-telephone-intercom-system-1-maintrunkfct-device-line-and-8-landline-phone-subscriber-connection-mini-telephone-exchange-pbx-108,8529,18,Intercom and PABX,
prd_785ab1e2-382c-4b17-9895-9711a3786290,Jenix EPABX Telephone Intercom System 2 Main/Trunk/FCT Device Line and 8 Landline Phone Subscriber Connection Mini Telephone Exchange PBX JX208PBX,JNX-000071,jenix-epabx-telephone-intercom-system-2-maintrunkfct-device-line-and-8-landline-phone-subscriber-connection-mini-telephone-exchange-pbx-jx208pbx,8529,18,Intercom and PABX,
prd_cc112c47-67d7-4909-97e3-beb7ff1ff276,Jenix epabx Telephone Intercom System 4 Main/Trunk/FCT Device Line and 16 Landline Phone Subscriber Connection pabx PBX 416,JNX-000072,jenix-epabx-telephone-intercom-system-4-maintrunkfct-device-line-and-16-landline-phone-subscriber-connection-pabx-pbx-416,8529,18,Intercom and PABX,
prd_3e8006fc-a20c-4ab7-897c-1bf6b9a04b00,Jenix epabx Telephone Intercom System 4 Main/Trunk/FCT Device Line and 24 Landline Phone Subscriber Connection pabx PBX 424,JNX-000111,jenix-epabx-telephone-intercom-system-4-maintrunkfct-device-line-and-24-landline-phone-subscriber-connection-pabx-pbx-424,8529,18,Intercom and PABX,
prd_ee118ed1-dd5e-4b37-90fd-c6fe06e9cacc,Jenix Fail Safe Electronic Drop Bolt Lock for Open Surface Metal Door Wooden Door Stone Frame Metal Frame Wooden Frame Door  OSDB202,JNX-000013,jenix-fail-safe-electronic-drop-bolt-lock-for-open-surface-metal-door-wooden-door-stone-frame-metal-frame-wooden-frame-door-osdb202,8531,18,Access Control,
prd_9fad7905-bb3e-4b30-8cc2-66505ac5ff3f,"Jenix Fingerprint Padlock|New Smart Fingerprint Padlock with Mobile App OperatedI Anti-Theft Waterproof Keyless Safety Dormitory Door Electronic Lock, zinc alloy metal casing & stainless steel, Black",JNX-000003,jenix-fingerprint-padlockornew-smart-fingerprint-padlock-with-mobile-app-operatedi-anti-theft-waterproof-keyless-safety-dormitory-door-electronic-lock-zinc-alloy-metal-casing-and-stainless-steel-black,8531,18,Access Control,
prd_b4803552-97b6-4eb3-8bcc-5485fbb80219,"Jenix Float Switch Sensor Water Level Control Tank Overflow Control Sensor Automatic Water Motor Off when Tank Full, 3 Meter Long Wire JXFC3W",JNX-000142,jenix-float-switch-sensor-water-level-control-tank-overflow-control-sensor-automatic-water-motor-off-when-tank-full-3-meter-long-wire-jxfc3w,8531,18,Smart Home Automation,
prd_77f26b0b-c4fe-454b-8024-7a0424f0ab87,Jenix Fully Frameless Glass Door Electric Bolt Door Lock with Timer and Signal Feedback Lock for Glass Door RIGHT / LEFT,JNX-000015,jenix-fully-frameless-glass-door-electric-bolt-door-lock-with-timer-and-signal-feedback-lock-for-glass-door-right-left,8531,18,Access Control,
prd_f328d04e-2359-47af-beb6-c2f3f6e4534a,Jenix GPS Tracker for Child Old Pets Personal Tracker Wireless Tracking Life time Free SOS GPS JXD01,JNX-000119,jenix-gps-tracker-for-child-old-pets-personal-tracker-wireless-tracking-life-time-free-sos-gps-jxd01,8531,18,Smart Home Automation,
prd_e34eb0a3-0783-4683-bf3f-6aa6009c350b,"jenix hand Held Metal Detector, Portable Light-weight Security Scanner Wand HHMD",JNX-000250,jenix-hand-held-metal-detector-portable-light-weight-security-scanner-wand-hhmd,8531,18,Parking Management,
prd_ba80751a-b0ef-47d9-8911-cc00b44a9060,"jenix Hand Held Metal Detectors, Portable Light-Weight Security Super Scanner HHMD bat",JNX-000245,jenix-hand-held-metal-detectors-portable-light-weight-security-super-scanner-hhmd-bat,8531,18,Parking Management,
prd_93711a70-7ef5-4d89-b782-4dd78cce819f,jenix hidden 12V DC bolt lock Deadbolt Drop Bolt NC Mode Door Lock for Security Access Control door lock - JXhidden-bolt-lock K205  HBLK202,JNX-000196,jenix-hidden-12v-dc-bolt-lock-deadbolt-drop-bolt-nc-mode-door-lock-for-security-access-control-door-lock-jxhidden-bolt-lock-k205-hblk202,8531,18,Access Control,
prd_d1464b35-84ab-4974-8697-d69ef55cb0e7,"Jenix Hidden Drawer Lock, TT lock Keyless Cabibnet Locks with Bluetooth TTlock mobile APP and RFID card I Electronic Smart Locks for Drawer, Cabinet Make More Safe and Convenient  - TTlock Drwer",JNX-000006,jenix-hidden-drawer-lock-tt-lock-keyless-cabibnet-locks-with-bluetooth-ttlock-mobile-app-and-rfid-card-i-electronic-smart-locks-for-drawer-cabinet-make-more-safe-and-convenient-ttlock-drwer,8531,18,Access Control,
prd_c6e86a4c-bf0e-498a-b828-0b29911bb6f3,"Jenix High Security Anti-theft Intelligent Electric Rim Lock with Double Cylinders , RFID Card Reader RFID Card Electronic Door Lock Keyless Entry Remote Operated Motorised Silent Door Lock",JNX-000066,jenix-high-security-anti-theft-intelligent-electric-rim-lock-with-double-cylinders-rfid-card-reader-rfid-card-electronic-door-lock-keyless-entry-remote-operated-motorised-silent-door-lock,8531,18,Access Control,
prd_424e7d71-890c-4020-a8d8-58bbc6d48fa3,Jenix High Security Automatic Door Fail Secure Electronic Drop Bolt Lock Suitable for Gate Lock I Electric Sliding Door Bolt Lock,JNX-000007,jenix-high-security-automatic-door-fail-secure-electronic-drop-bolt-lock-suitable-for-gate-lock-i-electric-sliding-door-bolt-lock,8531,18,Access Control,
prd_dad86ae2-9ce3-4071-baa7-8418942eb748,jenix Hotel Lock digital smart RFID card BLE hotel room door lock TTLock mobile app hotel managment system compatible lock JX HT 777 - Silver Color  - LEFT Inside Open,JNX-000269,jenix-hotel-lock-digital-smart-rfid-card-ble-hotel-room-door-lock-ttlock-mobile-app-hotel-managment-system-compatible-lock-jx-ht-777-silver-color-left-inside-open,8531,18,Access Control,
prd_091e6d04-f659-47f0-b2f5-02e58fff7cb2,jenix Hotel Lock digital smart RFID card BLE hotel room door lock TTLock mobile app hotel managment system compatible lock JX HT 777 - Silver Color,JNX-000226,jenix-hotel-lock-digital-smart-rfid-card-ble-hotel-room-door-lock-ttlock-mobile-app-hotel-managment-system-compatible-lock-jx-ht-777-silver-color,8531,18,Access Control,
prd_84cfec1f-af9f-4c90-8f84-aefc36751247,jenix Hotel Lock digital smart RFID card BLE hotel room door lock TTLock mobile app hotel managment system compatible lock JX HT 777 -Black Color,JNX-000376,jenix-hotel-lock-digital-smart-rfid-card-ble-hotel-room-door-lock-ttlock-mobile-app-hotel-managment-system-compatible-lock-jx-ht-777-black-color,8531,18,Access Control,
prd_fe26998c-2436-4e76-a670-ca64007b7f99,jenix Hotel Room key Mifare Card  energy saving switch 40Amp 230V - ESS40A TTHotel,JNX-000227,jenix-hotel-room-key-mifare-card-energy-saving-switch-40amp-230v-ess40a-tthotel,8531,18,Hotel Industries,
prd_8f70773e-07e7-4d41-9d63-428c9133807b,"Jenix Invisible RFID Smart Digital Lock Specially Designed for Wardrobe, Cabinet or Drawer I Master & User Cards and 4 RFID Tags with Lock Along 1 Year WarrantyTags",JNX-000019,jenix-invisible-rfid-smart-digital-lock-specially-designed-for-wardrobe-cabinet-or-drawer-i-master-and-user-cards-and-4-rfid-tags-with-lock-along-1-year-warrantytags,8531,18,Access Control,
prd_405297d5-e688-46ab-b889-848fa9008351,"Jenix IP Camera Wall Mount Bracket I L Shape Wall Mount Bracket Stand for CCTV Dome Camera, IP Security Camera I White Color 145x170mm",JNX-000049,jenix-ip-camera-wall-mount-bracket-i-l-shape-wall-mount-bracket-stand-for-cctv-dome-camera-ip-security-camera-i-white-color-145x170mm,8529,18,Surveilliance,
prd_3d791740-0a5e-4408-8c75-94d3f3866a43,Jenix IR Illumination Box 6 IR LEDs 90 Degrees Wide Angle View IP67 for CCTV Camera to Enhance Night Vision Using IR Illuminator JXIR06,JNX-000064,jenix-ir-illumination-box-6-ir-leds-90-degrees-wide-angle-view-ip67-for-cctv-camera-to-enhance-night-vision-using-ir-illuminator-jxir06,8529,18,Surveilliance,
prd_1dfbf59e-5cd6-4cd4-953e-084e8ffcfafa,"Jenix K135 BT Tuya smart life access control with RFID , Passwrod, Finger print mobile app waterproof  display",JNX-000234,jenix-k135-bt-tuya-smart-life-access-control-with-rfid-passwrod-finger-print-mobile-app-waterproof-display,8529,18,Smart Home Automation,
prd_f4afb80c-1af9-46a6-aea1-beb718b88ce1,"jenix K155 WiFi Smart Finger , Password , RFID , Mobile app access control cum attendance  waterproof for gym hostel",JNX-000233,jenix-k155-wifi-smart-finger-password-rfid-mobile-app-access-control-cum-attendance-waterproof-for-gym-hostel,8531,18,Access Control,
prd_603336ab-b8b7-43ef-a63e-8b750c230dcb,Jenix K80 12V 3A Power Supply Control for Video Door Phone System & Video Intercom Input AC 110-240V Support NO/NC Electric Door Lock and Exit Button Video Doorbell Power Supply,JNX-000050,jenix-k80-12v-3a-power-supply-control-for-video-door-phone-system-and-video-intercom-input-ac-110-240v-support-nonc-electric-door-lock-and-exit-button-video-doorbell-power-supply,8531,18,Access Control,
prd_d276976c-2c5c-4fb7-8227-fec965e7138f,Jenix K80 12V 5A Power Supply Control for Video Door Phone System & Video Intercom Input AC 110-240V Support NO/NC Electric Door Lock and Exit Button Video Doorbell Power Supply  K80 5Amp,JNX-000316,jenix-k80-12v-5a-power-supply-control-for-video-door-phone-system-and-video-intercom-input-ac-110-240v-support-nonc-electric-door-lock-and-exit-button-video-doorbell-power-supply-k80-5amp,8531,18,Access Control,
prd_a072af62-4fcc-4018-b86f-24551a8beeb7,Jenix key lock switch On and Off with mouting hole size 11 mm diameter - Pack of 10 nos.  # 204,JNX-000333,jenix-key-lock-switch-on-and-off-with-mouting-hole-size-11-mm-diameter-pack-of-10-nos-204,8531,18,Access Control,
prd_58f0e685-146d-4a2c-8550-1a031fb4c609,Jenix L Bracket for 280Kg Electric Magnetic Lock 600LBS EM Lock Installation,JNX-000044,jenix-l-bracket-for-280kg-electric-magnetic-lock-600lbs-em-lock-installation,8531,18,Access Control,
prd_563d2d04-75bb-4077-bdf8-b90d8d13cefd,jenix mini u bracket for bolt lock,JNX-000093,jenix-mini-u-bracket-for-bolt-lock,8531,18,Access Control,
prd_6266df82-9e54-43dd-8a51-4a5b109af803,jenix Mini Wireless WiFi Camera Panoramic View Support 128GB Memory Card Spy Camera for School Bus Car Night Vision Hidden Camera JXFEYE1802,JNX-000058,jenix-mini-wireless-wifi-camera-panoramic-view-support-128gb-memory-card-spy-camera-for-school-bus-car-night-vision-hidden-camera-jxfeye1802,8529,18,Surveilliance,
prd_5cba595a-a208-480a-9679-b9dc419e9c27,Jenix Mobile App Operated Electronic Door Lock Smart Waterproof Power Supply to Open Electronic Lock by Mobile App Remote Exit Button VDP - AI RIM PS,JNX-000154,jenix-mobile-app-operated-electronic-door-lock-smart-waterproof-power-supply-to-open-electronic-lock-by-mobile-app-remote-exit-button-vdp-ai-rim-ps,8531,18,Access Control,
prd_3324e13c-6ad7-4b43-8ddf-0baa89505aa4,Jenix Mobile App Operated Electronic Door Lock Smart Waterproof Power Supply to Open EM lock / bolt lock electronic Lock by mobile app + remote + Exit Button + VDP - AI EM PS,JNX-000155,jenix-mobile-app-operated-electronic-door-lock-smart-waterproof-power-supply-to-open-em-lock-bolt-lock-electronic-lock-by-mobile-app-remote-exit-button-vdp-ai-em-ps,8531,18,Access Control,
prd_7776ea18-d7eb-4521-b664-b0b3e06d7acb,jenix mobile app remote control door lock wireless lock operated by mobile app suitable for  full glass or frame less glass door-  Full Glass-APP Lock Kit,JNX-000201,jenix-mobile-app-remote-control-door-lock-wireless-lock-operated-by-mobile-app-suitable-for-full-glass-or-frame-less-glass-door-full-glass-app-lock-kit,8531,18,Access Control,
prd_37437716-0ebc-45e1-a9fc-bdada4f8e241,"jenix mobile app remote control door lock wireless lock operated by mobile app suitable for  wooden frame, aluminium frame hidden lock -  hidden-bolt-APP Lock Kit",JNX-000202,jenix-mobile-app-remote-control-door-lock-wireless-lock-operated-by-mobile-app-suitable-for-wooden-frame-aluminium-frame-hidden-lock-hidden-bolt-app-lock-kit,8531,18,Access Control,
prd_506c7649-db13-422f-a53c-acfb468e1f63,"jenix mobile app remote control door lock wireless lock operated by mobile app suitable for  wooden frame, aluminium frame hidden lock -  bolt-APP Lock Kit",JNX-000203,jenix-mobile-app-remote-control-door-lock-wireless-lock-operated-by-mobile-app-suitable-for-wooden-frame-aluminium-frame-hidden-lock-bolt-app-lock-kit,8531,18,Access Control,
prd_2300eb5c-22e5-4ee4-af20-b4ab07cb6adf,jenix mobile app remote control door lock wireless lock operated by mobile app suitable for  wooden gate aluminium gate  -  EM lock-APP Lock Kit,JNX-000204,jenix-mobile-app-remote-control-door-lock-wireless-lock-operated-by-mobile-app-suitable-for-wooden-gate-aluminium-gate-em-lock-app-lock-kit,8531,18,Access Control,
prd_eda89533-c508-4ad7-82e9-832fb00ef1b8,jenix mobile app remote control door lock wireless lock operated by mobile app suitable for aluminum frame door wooden door - OSBL-APP kit,JNX-000200,jenix-mobile-app-remote-control-door-lock-wireless-lock-operated-by-mobile-app-suitable-for-aluminum-frame-door-wooden-door-osbl-app-kit,8531,18,Access Control,
prd_eced8606-50af-4a1b-a2fc-e4f38a9b41d4,jenix motorized door lock 12V electronic door lock for wooden & metal door lock with motorized technology  silent door lock K503,JNX-000135,jenix-motorized-door-lock-12v-electronic-door-lock-for-wooden-and-metal-door-lock-with-motorized-technology-silent-door-lock-k503,8531,18,Access Control,
prd_b053db61-207f-4912-a038-5a5eab5e5a21,Jenix New Outdoor Indoor Sturdy Home Security System 360 Degree Camera Mount Support Wall Bracket(100mm),JNX-000041,jenix-new-outdoor-indoor-sturdy-home-security-system-360-degree-camera-mount-support-wall-bracket100mm,8529,18,Surveilliance,
prd_dfe5ff70-8c27-47f0-901e-9549d1824408,"jenix open surface drop bolt lock  Safe Mode with Adjustable Time Delay, Electric Mortise Lock for Door Access Control JXOSBLTD",JNX-000134,jenix-open-surface-drop-bolt-lock-safe-mode-with-adjustable-time-delay-electric-mortise-lock-for-door-access-control-jxosbltd,8531,18,Access Control,
prd_128aacdc-be86-4043-980d-ed30eac0caea,Jenix PBX 432 Telephone Intercom System EPABX 4 Main/Trunk/FCT Device Line and 32 Landline Phone Subscriber Connection PBX432,JNX-000073,jenix-pbx-432-telephone-intercom-system-epabx-4-maintrunkfct-device-line-and-32-landline-phone-subscriber-connection-pbx432,8529,18,Intercom and PABX,
prd_a0200e33-fa08-41dd-a897-ca25667e4f06,"Jenix Personal Alarm 140DB Personal Security Alarm Keychain with LED Lights, Emergency Safety Alarm ( White) for Women, Men, Children, Elderly- Set of 2",JNX-000027,jenix-personal-alarm-140db-personal-security-alarm-keychain-with-led-lights-emergency-safety-alarm-white-for-women-men-children-elderly-set-of-2,8531,18,Security Alarm System,
prd_3ff97cc4-a32b-40b9-81e5-64fc8efbf8a4,"Jenix personal safety alarm 140DB personal security alarm Keychain with LED Lights, Emergency safety alarm for women, men, children, elderly- Set of 2",JNX-000028,jenix-personal-safety-alarm-140db-personal-security-alarm-keychain-with-led-lights-emergency-safety-alarm-for-women-men-children-elderly-set-of-2,8531,18,Security Alarm System,
prd_13465e77-5a1a-43b3-b36a-0e6a49703114,"Jenix Plastic Wired Mini DC 12V Horn Siren, Home Security Sound Alarm System, 120dB, Standard Size",JNX-000029,jenix-plastic-wired-mini-dc-12v-horn-siren-home-security-sound-alarm-system-120db-standard-size,8531,18,Security Alarm System,
prd_8147c467-5288-4bf5-be34-d4ec98793172,"Jenix POE Extender Inline Extender just to add Extra 120M to existing POE Line Suitable for IP Camera, POE AP, IP Phone, JXPOE1",JNX-000127,jenix-poe-extender-inline-extender-just-to-add-extra-120m-to-existing-poe-line-suitable-for-ip-camera-poe-ap-ip-phone-jxpoe1,8529,18,Cable and Connector,
prd_b4076acf-fea3-40fe-95bf-27dcca198277,"Jenix Pole Mount Bracket Stand Indoor Outdoor Universal Suitable for Any Brand CCTV Camera, Search Light , Street Light Stand",JNX-000122,jenix-pole-mount-bracket-stand-indoor-outdoor-universal-suitable-for-any-brand-cctv-camera-search-light-street-light-stand,8529,18,Surveilliance,
prd_fe2209f3-9370-48fd-b3f5-af83108ca894,"Jenix PVC Box for POE Switch/Desktop Switch/Server/Mini PC with Power Socket Ideal for 4/8 Channel CCTV System for Both Indoor and Outdoor Purpose, Size 11X9X4.5 Inch",JNX-000054,jenix-pvc-box-for-poe-switchdesktop-switchservermini-pc-with-power-socket-ideal-for-48-channel-cctv-system-for-both-indoor-and-outdoor-purpose-size-11x9x45-inch,8529,18,Surveilliance,
prd_15532d6d-7f1d-44f2-a036-e6ba8fe36dc4,"Jenix PVC Camera Mount Bracket, Anti-Rust Camera Bracket/Stand/Holder for Indoor/Outdoor Dome and Bullet Camera Mount (White)",JNX-000264,jenix-pvc-camera-mount-bracket-anti-rust-camera-bracketstandholder-for-indooroutdoor-dome-and-bullet-camera-mount-white,8529,18,Surveilliance,
prd_28529727-6fee-4be8-9481-519585a923f7,"Jenix PVC DVR/Server/Network Cabinet Box/Rack for CCTV DVR/NVR/POE Switch with Power Socket Ideal for 4/8 Channel CCTV System for Both Indoor and Outdoor Purpose, Size 13X11X4.5 Inch",JNX-000053,jenix-pvc-dvrservernetwork-cabinet-boxrack-for-cctv-dvrnvrpoe-switch-with-power-socket-ideal-for-48-channel-cctv-system-for-both-indoor-and-outdoor-purpose-size-13x11x45-inch,8529,18,Surveilliance,
prd_a84bb90e-cd5c-458a-bb32-4c9d1902c1d0,"Jenix Real Time GPS Tracker with Free Server Tracking APP Inbuilt Battery for Car, Bus, Truck, Rickshaw, Scooty with Engine On and Off by Mobile APP and Website Anti Theft Alarm JXT-SER",JNX-000079,jenix-real-time-gps-tracker-with-free-server-tracking-app-inbuilt-battery-for-car-bus-truck-rickshaw-scooty-with-engine-on-and-off-by-mobile-app-and-website-anti-theft-alarm-jxt-ser,8531,18,Security Alarm System,
prd_3a3271e5-742b-402b-a9a7-2ff9fecb4338,Jenix Remote Kit for Electronic Door Lock Open or Unlock by Remote 315Mhz,JNX-000011,jenix-remote-kit-for-electronic-door-lock-open-or-unlock-by-remote-315mhz,8531,18,Access Control,
prd_6096d824-c9a0-4361-9b1e-f3c4b6800a1c,Jenix Remote Kit for Electronic Door Lock Open or Unlock by Remote,JNX-000010,jenix-remote-kit-for-electronic-door-lock-open-or-unlock-by-remote,8531,18,Access Control,
prd_0f55cbd3-eb3f-4abc-94da-da8e2b5e6f6b,"Jenix Remote Mobile App Operated WiFi Electronic Door Lock can Open from Anywhere Using Mobile App, Remote | 3 Remote + Electric Door Lock with 6 Keys + Mobile App Power Supply I Home Security Lock",JNX-000014,jenix-remote-mobile-app-operated-wifi-electronic-door-lock-can-open-from-anywhere-using-mobile-app-remote-or-3-remote-electric-door-lock-with-6-keys-mobile-app-power-supply-i-home-security-lock,8531,18,Access Control,
prd_521b70b6-6284-4109-a600-74b1dc5176c9,Jenix Remote Operated Electronic Door Lock can Open lock by Remote | 3 Remote + Electric Door Lock with 6 Keys + Power Supply I Home Security Lock,JNX-000124,jenix-remote-operated-electronic-door-lock-can-open-lock-by-remote-or-3-remote-electric-door-lock-with-6-keys-power-supply-i-home-security-lock,8531,18,Access Control,
prd_63f460b5-cdd7-41e9-b539-4687c609bc10,jenix RFID card access based Electric motorised door lock with Keys  Outside  RFID motorized door  lock  one side key drum,JNX-000137,jenix-rfid-card-access-based-electric-motorised-door-lock-with-keys-outside-rfid-motorized-door-lock-one-side-key-drum,8531,18,Access Control,
prd_9fb35f3a-d05a-4bd4-9134-fcd90b08db15,jenix RFID card access based Electric motorised door lock with Keys both Inside and Outside  RFID motorized door  lock  double side key drum,JNX-000136,jenix-rfid-card-access-based-electric-motorised-door-lock-with-keys-both-inside-and-outside-rfid-motorized-door-lock-double-side-key-drum,8531,18,Access Control,
prd_b7ec64d5-51f7-4d27-9665-de2193b65dfe,jenix RFID door lock - remote control door lock 12V DC operated with 10 RFID card and 1 12V DC power adapter (S Lock 1R 10RC 1A)  K501 Remote,JNX-000169,jenix-rfid-door-lock-remote-control-door-lock-12v-dc-operated-with-10-rfid-card-and-1-12v-dc-power-adapter-s-lock-1r-10rc-1a-k501-remote,8531,18,Access Control,
prd_ac492bbb-fd98-48a0-b0ec-a254e3c8d599,jenix RFID door lock - remote control door lock 12V DC operated with 10 RFID tag and 1 12V DC power adapter double key drum ( D Lock 1R 10T 1A),JNX-000171,jenix-rfid-door-lock-remote-control-door-lock-12v-dc-operated-with-10-rfid-tag-and-1-12v-dc-power-adapter-double-key-drum-d-lock-1r-10t-1a,8531,18,Access Control,
prd_a613d15e-262b-48b0-a41e-7082b3c574d4,jenix RFID door lock - remote control door lock 12V DC operated with 10 RFID tag and 1 12V DC power adapter single side key drum (S Lock 12V 1R 10T 1A),JNX-000170,jenix-rfid-door-lock-remote-control-door-lock-12v-dc-operated-with-10-rfid-tag-and-1-12v-dc-power-adapter-single-side-key-drum-s-lock-12v-1r-10t-1a,8531,18,Access Control,
prd_b46a3aa0-e742-4055-8977-c69b884e5418,"Jenix RFID motorised  wireless wire free (cordless)  door lock , battery powered D type both side key drum - Tuya App",JNX-000181,jenix-rfid-motorised-wireless-wire-free-cordless-door-lock-battery-powered-d-type-both-side-key-drum-tuya-app,8531,18,Access Control,
prd_8162883f-f2c7-4429-bf39-dfe8d6fc431d,"Jenix RFID motorised  wireless wire free (cordless)  door lock , battery powered knob type one side key drum - Tuya App",JNX-000182,jenix-rfid-motorised-wireless-wire-free-cordless-door-lock-battery-powered-knob-type-one-side-key-drum-tuya-app,8531,18,Access Control,
prd_b131d8d0-36c2-42ca-ba44-963341140ff9,"Jenix RFID motorised wire free (cordless)  door lock , battery powered D type both side key drum",JNX-000165,jenix-rfid-motorised-wire-free-cordless-door-lock-battery-powered-d-type-both-side-key-drum,8531,18,Access Control,
prd_5ea90c9a-0675-4183-a26a-51f66e7e6fe9,Jenix RFID motorized lock s type one side key drum -one side manual open (SLock 12V DC + 5 RFID Card + 12V DC adaptor),JNX-000231,jenix-rfid-motorized-lock-s-type-one-side-key-drum-one-side-manual-open-slock-12v-dc-5-rfid-card-12v-dc-adaptor,8531,18,Access Control,
prd_8486511e-c94d-48b4-a79f-96113dd0860e,Jenix RFID motorized lock wireless (no need any wiring) battery powered s type one side key drum -one side manual open (SLock BP 5RC),JNX-000166,jenix-rfid-motorized-lock-wireless-no-need-any-wiring-battery-powered-s-type-one-side-key-drum-one-side-manual-open-slock-bp-5rc,8531,18,Access Control,
prd_7417ab79-93ac-4087-88de-c5bbcb873c9a,Jenix Security Camera Wall Mount Bracket (150mm) CCTV Camera Indoor/Outdoor Stand Monitoring ABS Bracket Adjustable Lifting Bracket,JNX-000040,jenix-security-camera-wall-mount-bracket-150mm-cctv-camera-indooroutdoor-stand-monitoring-abs-bracket-adjustable-lifting-bracket,8529,18,Surveilliance,
prd_4083d861-a1e5-4f66-b08c-40b05dd588bb,"Jenix Security Door Access Control Keypad, ID Keypad with 5 ID Key Fobs, Stand-Alone Keypad, Door Lock Keypad Controller, for Gate Opener, Entry Gate Keypad, Security Access Controller",JNX-000005,jenix-security-door-access-control-keypad-id-keypad-with-5-id-key-fobs-stand-alone-keypad-door-lock-keypad-controller-for-gate-opener-entry-gate-keypad-security-access-controller,8531,18,Access Control,
prd_ff9da772-68e8-4952-b696-1fef2592575d,Jenix Set of Electronic Door Lock Type-A Compatible with Wooden/Iron/Steel with The Set of 6 Computerized Key Gate with 2 Paired Remote Controller by NO/NC Kit Range Up to 100 mtrs,JNX-000020,jenix-set-of-electronic-door-lock-type-a-compatible-with-woodenironsteel-with-the-set-of-6-computerized-key-gate-with-2-paired-remote-controller-by-nonc-kit-range-up-to-100-mtrs,8531,18,Access Control,
prd_4a7e628e-4842-4f55-8d21-361aee9fdf51,Jenix Set of Electronic Door Lock Type-A Compatible with Wooden/Iron/Steel with The Set of 6 Computerized Key Gate with 2 Paired Remote Controller with Waterproof Power Supply,JNX-000022,jenix-set-of-electronic-door-lock-type-a-compatible-with-woodenironsteel-with-the-set-of-6-computerized-key-gate-with-2-paired-remote-controller-with-waterproof-power-supply,8531,18,Access Control,
prd_0d92ef95-8ec8-4a00-b616-892763889aff,Jenix Set of Toughened Glass Door Lock with 2 RF Remote Controller and Receiver with Range Up to 100 mtrs  FGL Remote,JNX-000016,jenix-set-of-toughened-glass-door-lock-with-2-rf-remote-controller-and-receiver-with-range-up-to-100-mtrs-fgl-remote,8531,18,Access Control,
prd_be1aa42f-fb95-4b62-89d4-f996d8e79106,"Jenix Shop Rolling Shutter Sensor Wired for Security Alarm System, node mcu, micro controller 2 wire NC type",JNX-000146,jenix-shop-rolling-shutter-sensor-wired-for-security-alarm-system-node-mcu-micro-controller-2-wire-nc-type,8531,18,Security Alarm System,
prd_cd4f7c2b-93eb-4f73-a86e-18c1e9cea6b8,Jenix Single Beam Infrared Radiation Alarm Sensor Set I Automatic Door Light Sensor Burglar Red Beam Alarm System I Door Window Sensor Alarm,JNX-000036,jenix-single-beam-infrared-radiation-alarm-sensor-set-i-automatic-door-light-sensor-burglar-red-beam-alarm-system-i-door-window-sensor-alarm,8531,18,Security Alarm System,
prd_a1d03f8d-9bbb-4b7b-9331-f976c35a82f6,Jenix Sliding Gate Motor up to 800Kg sliding door (track sperate),JNX-000219,jenix-sliding-gate-motor-up-to-800kg-sliding-door-track-sperate,8531,18,Access Control,
prd_6773ac5c-0c5d-45b6-b0f6-9f084e81dc43,"Jenix Sliding Gate Motor with 2 Remotes, 1 Pair of photocells , remote opern sliding gate motor control SL950K",JNX-000237,jenix-sliding-gate-motor-with-2-remotes-1-pair-of-photocells-remote-opern-sliding-gate-motor-control-sl950k,8531,18,Access Control,
prd_3bf6e3f7-0f99-4116-a1b0-47bb4f75fbfd,"Jenix Smart AI 12V DC Cabinet Lock for Drawer, Battery Swapping Cabinet, Vending Machine, Locker Control by Micro Controller Mode MCU 12V DC Operated",JNX-000009,jenix-smart-ai-12v-dc-cabinet-lock-for-drawer-battery-swapping-cabinet-vending-machine-locker-control-by-micro-controller-mode-mcu-12v-dc-operated,8531,18,Access Control,
prd_0f014efc-13c7-4752-9e38-94d57f60c1f6,Jenix Smart Biometric Fingerprint Digital Lock for Cabinet or Drawer I Electric Fingerprint Keyless Hidden File Drawer Wardrobe Wooden Furniture Cabinet Privacy Lock with 1 Year Warranty,JNX-000004,jenix-smart-biometric-fingerprint-digital-lock-for-cabinet-or-drawer-i-electric-fingerprint-keyless-hidden-file-drawer-wardrobe-wooden-furniture-cabinet-privacy-lock-with-1-year-warranty,8531,18,Access Control,
prd_b8fea603-b0f7-42e7-9d0f-1eac9c3505fa,"Jenix Smart Home Automation I Wi-Fi Smart IR Control Hub | Smart Air Conditioner Remote | Compatible with Alexa, Google Home | All in One Infrared Remote for Smart Home | Black",JNX-000065,jenix-smart-home-automation-i-wi-fi-smart-ir-control-hub-or-smart-air-conditioner-remote-or-compatible-with-alexa-google-home-or-all-in-one-infrared-remote-for-smart-home-or-black,8531,18,Smart Home Automation,
prd_acb46fe5-7551-42be-a668-4f3d2b7d4714,"Jenix Smart Home RF Remote Control Electric Lock Set Compatible with Cabinet, Drawer Wooden/Iron/Steel with Power Adapter and Wireless Remote Control Switch Range Up to 100 mtr",JNX-000021,jenix-smart-home-rf-remote-control-electric-lock-set-compatible-with-cabinet-drawer-woodenironsteel-with-power-adapter-and-wireless-remote-control-switch-range-up-to-100-mtr,8531,18,Access Control,
prd_0e909986-d3e3-4d3a-9c8d-e997a74cabff,Jenix Smart Scanner Rotating Bracket PTZ for CCTV IP Camera I Auto Electrical Rotating RS485 Connection Waterproof Outdoor Pan Tilt Installation Stand Holder for CCTV Camera,JNX-000063,jenix-smart-scanner-rotating-bracket-ptz-for-cctv-ip-camera-i-auto-electrical-rotating-rs485-connection-waterproof-outdoor-pan-tilt-installation-stand-holder-for-cctv-camera,8529,18,Surveilliance,
prd_b1ec9c71-068a-4e35-9d5c-331e8aef8fb3,"jenix Smart Sliding Glass Door Lock, Touch Keypad Keyless Electric Security Biometric Fingerprint Password Remote Control Swipe Lock Attendance Doorbell double glass door - sliding glass door J820",JNX-000194,jenix-smart-sliding-glass-door-lock-touch-keypad-keyless-electric-security-biometric-fingerprint-password-remote-control-swipe-lock-attendance-doorbell-double-glass-door-sliding-glass-door-j820,8531,18,Access Control,
prd_eed43b73-33e4-4b7e-9abb-9a9d43032a17,"jenix Smart WiFi Video Door phone Support Unlock, Monitoring, Dual-Way Intercom Video Door Phone  (Wired Both Way)",JNX-000116,jenix-smart-wifi-video-door-phone-support-unlock-monitoring-dual-way-intercom-video-door-phone-wired-both-way,8531,18,Access Control,
prd_b612e8ae-7b52-426d-8782-4e106d3a7385,"jenix Smart Wireless Glass Door Lock, Touch Keypad Keyless Electric Security Biometric Fingerprint Password  RFID card Swipe Lock  Doorbell Function for Home Office   JXFGL1",JNX-000197,jenix-smart-wireless-glass-door-lock-touch-keypad-keyless-electric-security-biometric-fingerprint-password-rfid-card-swipe-lock-doorbell-function-for-home-office-jxfgl1,8531,18,Access Control,
prd_a900ad68-eeb7-4bf2-837e-ca06c286c114,"jenix Smart Wireless Glass Door Lock with Remote, Touch Keypad Keyless Electric Security Biometric Fingerprint Password  RFID card Swipe Lock  Doorbell Function for Home Office   JXFGL1 - remote",JNX-000267,jenix-smart-wireless-glass-door-lock-with-remote-touch-keypad-keyless-electric-security-biometric-fingerprint-password-rfid-card-swipe-lock-doorbell-function-for-home-office-jxfgl1-remote,8531,18,Access Control,
prd_cd313018-0ebf-4414-b7c4-76ae283c761f,Jenix Spy Camera in WiFi Mobile Charger Mini Camera Inbuilt in Mobile Charger,JNX-000157,jenix-spy-camera-in-wifi-mobile-charger-mini-camera-inbuilt-in-mobile-charger,8529,18,Surveilliance,
prd_bbef647f-1be6-4fd2-9f27-58e2c4c12caa,Jenix Stainless Steel Square Switch Button Panel Door Exit Home Push Release for RFID Access Control System  ST103,JNX-000059,jenix-stainless-steel-square-switch-button-panel-door-exit-home-push-release-for-rfid-access-control-system-st103,8531,18,Access Control,
prd_433f8e76-aee0-4390-8327-4d7601ccf3b9,jenix surface mount emergency button NO NC type  to open door lock,JNX-000121,jenix-surface-mount-emergency-button-no-nc-type-to-open-door-lock,8531,18,Access Control,
prd_804d4c33-c50b-44be-bd63-8992f9c4cb1c,Jenix tuya smartlife app Based 433 Mhz Universal Wireless Remote Control Switch DC 12V WiFi 1CH Relay  and 1 Remote,JNX-000195,jenix-tuya-smartlife-app-based-433-mhz-universal-wireless-remote-control-switch-dc-12v-wifi-1ch-relay-and-1-remote,8529,18,Smart Home Automation,
prd_34ed598a-cbf0-4f8a-9a7c-e136c9595b66,Jenix Tuya Smartlife app wifi relay kit lock PCB 433 Mhz Universal Wireless Remote Control Switch  DC 12V Wifi 1CH Relay Receiver Module,JNX-000271,jenix-tuya-smartlife-app-wifi-relay-kit-lock-pcb-433-mhz-universal-wireless-remote-control-switch-dc-12v-wifi-1ch-relay-receiver-module,8531,18,Access Control,
prd_c44a2fcb-cd71-4de5-a306-8bac4d8504ee,"jenix tuya WiFi app Smart Sliding Glass Door Lock, Touch Keypad Keyless Electric Security Biometric Fingerprint Password Remote Control Swipe Lock Attendance Doorbell double glass door - sliding glass door J820 WiFi Tuya WiFi app",JNX-000282,jenix-tuya-wifi-app-smart-sliding-glass-door-lock-touch-keypad-keyless-electric-security-biometric-fingerprint-password-remote-control-swipe-lock-attendance-doorbell-double-glass-door-sliding-glass-door-j820-wifi-tuya-wifi-app,8531,18,Access Control,
prd_c2dabe51-1c54-4419-a959-54d3164db6cf,jenix Tuya WIFI GSM wireless House Burglar Alarm Home Security Alarm System siren smart life,JNX-000092,jenix-tuya-wifi-gsm-wireless-house-burglar-alarm-home-security-alarm-system-siren-smart-life,8529,18,Smart Home Automation,
prd_ba1d8c2a-9e36-4f8f-b845-4ee614fa3a87,Jenix U Bracket Bracket for 600LBS EM Lock(Silver) for Frame Less Glass Door,JNX-000045,jenix-u-bracket-bracket-for-600lbs-em-locksilver-for-frame-less-glass-door,8531,18,Access Control,
prd_8e9d7dae-9d72-46ad-a373-9a95c1e77806,"Jenix U Bracket for Bolt Lock Electric Lock,U Bracket for Frameless Glass Door Lock, Aluminum Glass Door Clamp for Electronic drop bolt lock biometric access control drop bolt lock , U70-OVAL",JNX-000038,jenix-u-bracket-for-bolt-lock-electric-locku-bracket-for-frameless-glass-door-lock-aluminum-glass-door-clamp-for-electronic-drop-bolt-lock-biometric-access-control-drop-bolt-lock-u70-oval,8531,18,Access Control,
prd_82bd7594-2d24-4565-8fc7-bc4a12dfff62,Jenix Universal CCTV Camera Mount Security Camera Adjustable Waterproof Outdoor Indoor Home Wall Ceiling Housing Mounting Bracket Surveillance Accessory,JNX-000046,jenix-universal-cctv-camera-mount-security-camera-adjustable-waterproof-outdoor-indoor-home-wall-ceiling-housing-mounting-bracket-surveillance-accessory,8529,18,Surveilliance,
prd_b1078325-503e-4363-8922-13816a8d25bb,"Jenix Universal Vertical Pole Mounting Bracket for Security Camera Housings CCTV Security Cameras Wall Mount Bracket PTZ Camera Pole Stand for Big Size PTZ,with 3 Loops",JNX-000062,jenix-universal-vertical-pole-mounting-bracket-for-security-camera-housings-cctv-security-cameras-wall-mount-bracket-ptz-camera-pole-stand-for-big-size-ptzwith-3-loops,8529,18,Surveilliance,
prd_daf69959-5a3c-4910-be42-c24fab75df13,Jenix VGA Cable  1.5 Meter,JNX-000096,jenix-vga-cable-15-meter,8529,18,Cable and Connector,
prd_b4d80178-ff1b-4b87-8edd-d08347479ff9,Jenix VGA Cable  10 meter,JNX-000097,jenix-vga-cable-10-meter,8529,18,Cable and Connector,
prd_7358d76f-80c9-43ff-92ad-66e65dff3d8c,Jenix VGA Cable 20 meter,JNX-000098,jenix-vga-cable-20-meter,8529,18,Cable and Connector,
prd_3d697eb1-afa4-4d0d-9b67-32918f46d662,Jenix VGA Cable 3 meter,JNX-000094,jenix-vga-cable-3-meter,8529,18,Cable and Connector,
prd_87342e25-70d3-477c-96c9-4179ee1870e1,Jenix VGA Cable 5 meter,JNX-000095,jenix-vga-cable-5-meter,8529,18,Cable and Connector,
prd_59652432-493d-44cb-b7aa-2dee9ef61415,"Jenix Waterproof 4G LTE Wi-Fi Router, Support All sim Cards, High Speed, No Configuration Required, Up to 32 Devices Connectivity, Support DVR, NVR, WiFi Camera",JNX-000048,jenix-waterproof-4g-lte-wi-fi-router-support-all-sim-cards-high-speed-no-configuration-required-up-to-32-devices-connectivity-support-dvr-nvr-wifi-camera,8529,18,4G Router,
prd_daf166b6-04dc-49b7-addc-9a5addf9b858,"jenix waterproof outdoor PVC pole mount rack 11x9x4.5 inch for media converter , poe switch , battery ,  charger , adaptor  11x9x4.5 PM",JNX-000205,jenix-waterproof-outdoor-pvc-pole-mount-rack-11x9x45-inch-for-media-converter-poe-switch-battery-charger-adaptor-11x9x45-pm,8529,18,Surveilliance,
prd_f4b792d8-ceac-453c-b99f-7e15711fa523,"jenix waterproof smart access control kit  including lock and other item lock open by mobile app, remote, password, RFID card",JNX-000223,jenix-waterproof-smart-access-control-kit-including-lock-and-other-item-lock-open-by-mobile-app-remote-password-rfid-card,8531,18,Access Control,
prd_65c23fcd-d577-4139-995d-e9d387d76fca,"jenix waterproof smart access control kit  including lock and other item lock open by mobile app, remote, password, RFID card and finger",JNX-000224,jenix-waterproof-smart-access-control-kit-including-lock-and-other-item-lock-open-by-mobile-app-remote-password-rfid-card-and-finger,8531,18,Access Control,
prd_a07589c5-049c-4caf-9f0b-b816b2df0d7b,jenix waterproof smart WiFi Tuya RFID password stand alone access control pad - K130,JNX-000232,jenix-waterproof-smart-wifi-tuya-rfid-password-stand-alone-access-control-pad-k130,8529,18,Smart Home Automation,
prd_1eda065b-2548-45a0-8b34-5c92b4a67a8d,Jenix Waterproof UPS for 12V WiFi Router Broadband Modem | Backup Upto 4 Hours | WiFi Router UPS Power Backup During Power Cuts | UPS for WiFi Camera | 4G Router | Fiber Modem | Electronic Lock,JNX-000067,jenix-waterproof-ups-for-12v-wifi-router-broadband-modem-or-backup-upto-4-hours-or-wifi-router-ups-power-backup-during-power-cuts-or-ups-for-wifi-camera-or-4g-router-or-fiber-modem-or-electronic-lock,8531,18,Access Control,
prd_1b2c8d2c-68e7-460a-8e79-f8f5a4ea8a4f,Jenix waterproof video calling door access control mobile unlock Biometric finger unlock video surveilliance VAC-FINGER,JNX-000222,jenix-waterproof-video-calling-door-access-control-mobile-unlock-biometric-finger-unlock-video-surveilliance-vac-finger,8531,18,Access Control,
prd_5885ddbe-a6ac-42e4-af79-1242913305c6,Jenix waterproof video calling door access control mobile unlock RFID card unlock video calling from mobile app VAC-RFID,JNX-000221,jenix-waterproof-video-calling-door-access-control-mobile-unlock-rfid-card-unlock-video-calling-from-mobile-app-vac-rfid,8531,18,Access Control,
prd_178cc1e8-f614-42f4-8465-b00fa1b86ab2,jenix Wi-Fi Enabled Smart Door Lock for Inside Opening Doors open by mobile app and Remote control Smart Door Lock - Moto,JNX-000207,jenix-wi-fi-enabled-smart-door-lock-for-inside-opening-doors-open-by-mobile-app-and-remote-control-smart-door-lock-moto,8531,18,Access Control,
prd_691074bf-6a88-4138-b066-ab5b6e529f0a,jenix Wi-Fi motorised RFID remote door lock - D lock ( both side key drum),JNX-000212,jenix-wi-fi-motorised-rfid-remote-door-lock-d-lock-both-side-key-drum,8531,18,Access Control,
prd_2f011534-da5f-4b15-88fa-27cbdb957684,jenix Wi-Fi motorised RFID remote door lock - S Lock,JNX-000211,jenix-wi-fi-motorised-rfid-remote-door-lock-s-lock,8531,18,Access Control,
prd_63d3d24c-193a-468f-b072-4b3704e76e62,Jenix WiFi GSM Home Security Alarm System Siren with Door Sensor Motion Sensor Mobile app Operated,JNX-000037,jenix-wifi-gsm-home-security-alarm-system-siren-with-door-sensor-motion-sensor-mobile-app-operated,8529,18,Security Alarm System,
prd_40db2ee7-b816-49b9-b7e5-a9d05db79029,"Jenix WiFi smart Door/Window home security siren Tuya smart life alarm with adjustable sound for smart home automation and security compatible with Alexa, Google Home and IFTTT",JNX-000118,jenix-wifi-smart-doorwindow-home-security-siren-tuya-smart-life-alarm-with-adjustable-sound-for-smart-home-automation-and-security-compatible-with-alexa-google-home-and-ifttt,8529,18,Smart Home Automation,
prd_41d533ed-f3cb-485e-b127-1ea44a3506d8,"Jenix WiFi Smart Door/Window Home Security Siren with Adjustable Sound for Smart Home Automation and Security Compatible with Alexa, Google Home and IFTTT",JNX-000060,jenix-wifi-smart-doorwindow-home-security-siren-with-adjustable-sound-for-smart-home-automation-and-security-compatible-with-alexa-google-home-and-ifttt,8529,18,Security Alarm System,
prd_4901e635-1a03-443c-993a-8eb4104b80a9,"Jenix Wifi Smart Switch for Alexa/Google Assistant Enabled, Remote Control, Android and iOS Support Switch Make existing switch board to smart switch retrofit solution up to 16Amp load",JNX-000089,jenix-wifi-smart-switch-for-alexagoogle-assistant-enabled-remote-control-android-and-ios-support-switch-make-existing-switch-board-to-smart-switch-retrofit-solution-up-to-16amp-load,8529,18,Smart Home Automation,
prd_9612da05-8b98-46da-8f26-29fd4b3e91ca,jenix WiFi Spy Camera Bluetooth Speaker with 4K UHD Night Vision Remote (JXSP4K1),JNX-000156,jenix-wifi-spy-camera-bluetooth-speaker-with-4k-uhd-night-vision-remote-jxsp4k1,8529,18,Surveilliance,
prd_6d66aa9e-1b5f-48a0-9c00-9742a8a4931f,"Jenix WiFi Tuya Smart Access Control System Kit RFID Access Controller IP68 Waterproof 13.56MHz Reader + Electric Drop Bolt Lock, Card, OTP, Phone APP Pasword Unlock - Kit OSBL RFID",JNX-000257,jenix-wifi-tuya-smart-access-control-system-kit-rfid-access-controller-ip68-waterproof-1356mhz-reader-electric-drop-bolt-lock-card-otp-phone-app-pasword-unlock-kit-osbl-rfid,8531,18,Access Control,
prd_8eb736d5-4e5b-4b5f-a044-88e80aa3c894,"Jenix WiFi Tuya Smart Access Control System Kit RFID Access Controller IP68 Waterproof 13.56MHz Reader + Electric Drop Bolt Lock Full Glass Door, Card, OTP, Phone APP Pasword Unlock - Kit FGL RFID",JNX-000258,jenix-wifi-tuya-smart-access-control-system-kit-rfid-access-controller-ip68-waterproof-1356mhz-reader-electric-drop-bolt-lock-full-glass-door-card-otp-phone-app-pasword-unlock-kit-fgl-rfid,8531,18,Access Control,
prd_24ea119b-0f4b-453e-bd5e-c43c885e65e6,"jenix wireless ( wirefree ) remote control door lock , RFID control door lock without wire  , 512S-Lock-Remote",JNX-000210,jenix-wireless-wirefree-remote-control-door-lock-rfid-control-door-lock-without-wire-512s-lock-remote,8531,18,Access Control,
prd_804c2ba6-21f9-46d4-b650-18e50605d2cf,jenix wireless door release exit button ( 433Mhz Transmitter) JXWLBTN433,JNX-000199,jenix-wireless-door-release-exit-button-433mhz-transmitter-jxwlbtn433,8531,18,Access Control,
prd_cb80e2dd-a7ed-4593-b6b2-4be97191cae5,Jenix Wireless Door Window Open Alarm Home Security System I Siren Burglar 110 Decibel High Alarm with Magnetic Sensor I Anti Theft System for Home Office - Set of 4,JNX-000025,jenix-wireless-door-window-open-alarm-home-security-system-i-siren-burglar-110-decibel-high-alarm-with-magnetic-sensor-i-anti-theft-system-for-home-office-set-of-4,8531,18,Security Alarm System,
prd_850da6e2-0200-452f-9665-3f6bcc54a276,Jenix Wireless Door Window Open Alarm Home Security System Siren- Set of 4,JNX-000033,jenix-wireless-door-window-open-alarm-home-security-system-siren-set-of-4,8531,18,Security Alarm System,
prd_77aba61a-8323-42b5-b6f5-0e08de9af0da,"Jenix Wireless Door Window Security Burglar 105 Decibel High Alarm with Magnetic Sensor, Door and Window Sensor Anti Theft System for Home Office Door (Set of 4)",JNX-000026,jenix-wireless-door-window-security-burglar-105-decibel-high-alarm-with-magnetic-sensor-door-and-window-sensor-anti-theft-system-for-home-office-door-set-of-4,8531,18,Security Alarm System,
prd_ea9e53d5-f405-4089-b137-f2f085fff630,Jenix wireless door window sensor for security alarm panel JXDWAYH01 | magnetic door contact,JNX-000132,jenix-wireless-door-window-sensor-for-security-alarm-panel-jxdwayh01-or-magnetic-door-contact,8531,18,Security Alarm System,
prd_63d01d19-4208-4c68-91c5-c36c957b96fa,Jenix wireless door window sensor for security alarm panel JXDWS01 | door magnetic contact |,JNX-000131,jenix-wireless-door-window-sensor-for-security-alarm-panel-jxdws01-or-door-magnetic-contact-or,8531,18,Security Alarm System,
prd_b799e3bf-662d-49f3-8208-3d03fc299c95,Jenix wireless door window sensor for security alarm panel JXDWSTY | magnetic door contact,JNX-000133,jenix-wireless-door-window-sensor-for-security-alarm-panel-jxdwsty-or-magnetic-door-contact,8531,18,Security Alarm System,
prd_ad3e71c6-fdd2-4b20-9b31-b1dcdc240ed6,Jenix wireless glass break sensor | glass break shock detector | glass sensor JXGBS433,JNX-000130,jenix-wireless-glass-break-sensor-or-glass-break-shock-detector-or-glass-sensor-jxgbs433,8529,18,Security Alarm System,
prd_a888b74b-a787-4b11-98e1-5c48414ac586,Jenix wireless motion based door bell movement detection to trigger door bell,JNX-000120,jenix-wireless-motion-based-door-bell-movement-detection-to-trigger-door-bell,8529,18,Security Alarm System,
prd_383040c0-32a7-45bb-b099-c6ad040869ea,Jenix Wireless PIR Infrared Motion Sensing Alarm Battery Operated Home Security Alarm Motion Detector Sensor 105dB Loud Sound Alert with 2pcs Remote Controller for Driveway Garage,JNX-000035,jenix-wireless-pir-infrared-motion-sensing-alarm-battery-operated-home-security-alarm-motion-detector-sensor-105db-loud-sound-alert-with-2pcs-remote-controller-for-driveway-garage,8531,18,Security Alarm System,
prd_38ec4fd3-09c8-4909-a194-a098bcbca742,"Jenix Wireless PIR Motion Sensor I Long Range Indoor Smart Home Motion Detector, Movement Detection Alert on App, Remote Monitor I Pet Immune Compatible with All Jenix Security Alarm Panel",JNX-000106,jenix-wireless-pir-motion-sensor-i-long-range-indoor-smart-home-motion-detector-movement-detection-alert-on-app-remote-monitor-i-pet-immune-compatible-with-all-jenix-security-alarm-panel,8531,18,Security Alarm System,
prd_4b494638-aa3c-419e-99f6-9db68b397ba1,jenix wireless security alarm system PSTN/GSM smart home alarm system host support 99 wireless zone,JNX-000091,jenix-wireless-security-alarm-system-pstngsm-smart-home-alarm-system-host-support-99-wireless-zone,8531,18,Security Alarm System,
prd_c08ecc2e-a83d-4ce4-8c68-30575df0d367,jenix wireless shutter sensor  | shutter contact | rolling shutter sensor | 433Mhz  - JXRS-433,JNX-000128,jenix-wireless-shutter-sensor-or-shutter-contact-or-rolling-shutter-sensor-or-433mhz-jxrs-433,8529,18,Security Alarm System,
prd_b7b2b880-7783-49a9-873a-acc182b2d5c1,jenix wireless shutter sensor  | shutter contact | rolling shutter sensor | single piece shutter sensor - 433Mhz,JNX-000305,jenix-wireless-shutter-sensor-or-shutter-contact-or-rolling-shutter-sensor-or-single-piece-shutter-sensor-433mhz,8529,18,Security Alarm System,
prd_a16941e2-0798-4d5c-b16e-a91071e8de90,"Jenix Wireless Smart Home Automation Auto Door Sensor, 433mhz Wireless Magnetic Door/Window Contact Sensor for jenix Security Alarm Panel",JNX-000105,jenix-wireless-smart-home-automation-auto-door-sensor-433mhz-wireless-magnetic-doorwindow-contact-sensor-for-jenix-security-alarm-panel,8531,18,Security Alarm System,
prd_8100d8e4-68a6-486c-b501-328b90bdc32f,Jenix wireless smoke detector smoke siren alarm independent smoke detection and siren sound SD 11,JNX-000108,jenix-wireless-smoke-detector-smoke-siren-alarm-independent-smoke-detection-and-siren-sound-sd-11,8531,18,Security Alarm System,
prd_771e1eca-1405-41a7-9edf-9cb7556160b6,"jenix Wireless SOS Panic Button Siren , press remote button up to 100m distance to get SOS sound from siren Wireless Sensor Security System",JNX-000084,jenix-wireless-sos-panic-button-siren-press-remote-button-up-to-100m-distance-to-get-sos-sound-from-siren-wireless-sensor-security-system,8529,18,Security Alarm System,
prd_81ed2190-cbda-4325-8508-53f6d56c030b,"Jenix Wireless Vibration Alarm, Anti-Theft Burglar Alarm for Bicycle / Bike / Motorcycle / Car / Vehicles / Door / Window, 110db Super Loud",JNX-000030,jenix-wireless-vibration-alarm-anti-theft-burglar-alarm-for-bicycle-bike-motorcycle-car-vehicles-door-window-110db-super-loud,8531,18,Security Alarm System,
prd_9934a4fe-9edb-48ba-9e9d-0b0dd67004cc,Jenix wireless vibration sensor 433Mhz JXVRS433,JNX-000129,jenix-wireless-vibration-sensor-433mhz-jxvrs433,8529,18,Security Alarm System,
prd_5f3120ea-e1e6-45d8-8af0-391a67796392,Jenix Wireless WIFI Endoscope Camera - 3 meter long inspection camera,JNX-000153,jenix-wireless-wifi-endoscope-camera-3-meter-long-inspection-camera,8529,18,Surveilliance,
prd_34d5c41b-8799-4a94-a490-eaecfb2d96d2,jenix wireless wifi smart door lock mobile app finger print lock K521 Tuya wooden door smart door lock,JNX-000215,jenix-wireless-wifi-smart-door-lock-mobile-app-finger-print-lock-k521-tuya-wooden-door-smart-door-lock,8531,18,Access Control,
prd_f67ed0fd-ab2a-4acb-ae63-9ab725781007,Jenix ZL Bracket 600LBS Magnetic Lock 280KG Copper Coil EM Lock Z Bracket and L Bracket,JNX-000043,jenix-zl-bracket-600lbs-magnetic-lock-280kg-copper-coil-em-lock-z-bracket-and-l-bracket,8531,18,Access Control,
prd_3e519497-ab92-4e16-85a7-e64b70dba265,JJenix Wireless Strobe Siren Panic Alarm Button Siren Alarm for Home Caring Loud Outdoor SOS Alert System with Red Flashing Siren with 2 Remote,JNX-000034,jjenix-wireless-strobe-siren-panic-alarm-button-siren-alarm-for-home-caring-loud-outdoor-sos-alert-system-with-red-flashing-siren-with-2-remote,8531,18,Security Alarm System,
prd_d40ad33b-c52c-403c-bd57-c278b539508c,K0312 Door Lock Power supply for Exit button and Timer Delay,JNX-000239,k0312-door-lock-power-supply-for-exit-button-and-timer-delay,8531,18,Access Control,
prd_491ecfa3-90ea-4a45-b863-db07147074c7,KSP 44 bipolar transistor  - Pack of 50 nos.,JNX-000167,ksp-44-bipolar-transistor-pack-of-50-nos,8417,18,Robotics,
prd_d30933c3-e456-4906-874e-adf3ad94c290,Locker Controller card for Cabinet Control Drawer control by Biometric face finger card password for gym spa hostel hotel  K12 for 12 Drawer,JNX-000340,locker-controller-card-for-cabinet-control-drawer-control-by-biometric-face-finger-card-password-for-gym-spa-hostel-hotel-k12-for-12-drawer,8531,18,Access Control,
prd_75aeb5e7-d8c6-4e6b-9bb4-31ecef49734c,Locker Controller card for Cabinet Control Drawer control by Biometric face finger card password for gym spa hostel hotel  k24,JNX-000339,locker-controller-card-for-cabinet-control-drawer-control-by-biometric-face-finger-card-password-for-gym-spa-hostel-hotel-k24,8531,18,Access Control,
prd_26a8d370-6b9f-4546-8f3b-a0659ecbd978,"long range UHF rfid tag  Iso18000-6C Long Range Adhesive Inlay Label , PET material (Pack of 1000)",JNX-000273,long-range-uhf-rfid-tag-iso18000-6c-long-range-adhesive-inlay-label-pet-material-pack-of-1000,8531,18,Access Control,
prd_009dfbd5-fe86-41f7-877a-39b02903897c,"Main Door lock power supply , remote control door lock power supply with 3 remote - 24AC3RT433",JNX-000313,main-door-lock-power-supply-remote-control-door-lock-power-supply-with-3-remote-24ac3rt433,8531,18,Access Control,
prd_45d770ed-d998-470a-88b2-ebe6d0930881,MiFare 13.56Mhz 1K IC Card - Pack of 50 nos.,JNX-000235,mifare-1356mhz-1k-ic-card-pack-of-50-nos,8531,18,Access Control,
prd_4ee2e374-0393-4453-9847-c584739d85d4,mini size wifi camera night vision -MS1080P,JNX-000161,mini-size-wifi-camera-night-vision-ms1080p,8529,18,Surveilliance,
prd_de2ef0b8-21f5-4235-ab0c-cacbe82104d6,Motion Sensor LED Stair Light Controller Stairway Lighting Controller 32 Channel Light Automatic Staircase Ladder Step Light Controller for Stairway Light,JNX-000336,motion-sensor-led-stair-light-controller-stairway-lighting-controller-32-channel-light-automatic-staircase-ladder-step-light-controller-for-stairway-light,8531,18,Smart Home Automation,
prd_f59499db-e26f-44f4-81b9-e2bf32134a1a,Narrow Style Smart Lock (SW) with 5-way Unlock  waterproof indoor or outdoor door slim  smart lock for aluminium frame door,JNX-000252,narrow-style-smart-lock-sw-with-5-way-unlock-waterproof-indoor-or-outdoor-door-slim-smart-lock-for-aluminium-frame-door,8531,18,Access Control,
prd_806feacd-467b-491b-86f8-8dad87949645,NO & NC Type Wired Door Window Sensor Magnetic Reed Switch for Home Alarm System & Wardrobe Light  Cabinet light,JNX-000309,no-and-nc-type-wired-door-window-sensor-magnetic-reed-switch-for-home-alarm-system-and-wardrobe-light-cabinet-light,8531,18,Security Alarm System,
prd_371ad557-b94b-4b8d-be6f-5c68ef37de41,"Outdoor 12V DC rotator turntable for CCTV Camera search light PAN 355 Degree RS485  Auto Rotation Load 10KG Capacity  , PTS326",JNX-000334,outdoor-12v-dc-rotator-turntable-for-cctv-camera-search-light-pan-355-degree-rs485-auto-rotation-load-10kg-capacity-pts326,8529,18,Surveilliance,
prd_e49bfef5-8b1c-48a5-8934-ac3332c461a5,"Outdoor ABS plastic PVC box 189x158x70 mm for IP Camera CCTV ,door lock power supply . outdoor wifi camera adaptor",JNX-000330,outdoor-abs-plastic-pvc-box-189x158x70-mm-for-ip-camera-cctv-door-lock-power-supply-outdoor-wifi-camera-adaptor,8529,18,Surveilliance,
prd_eb10db89-3ae2-4fa3-96cc-b56b619383bb,Outdoor waterproof box for POE switch 330x230x95 mm #800D Pole or wall mount,JNX-000331,outdoor-waterproof-box-for-poe-switch-330x230x95-mm-800d-pole-or-wall-mount,8529,18,Surveilliance,
prd_d661d70a-4a04-45e2-ae75-9d6fbc518b0d,Outdoor Waterproof main door lock password card  remote open - RIM+K105+315R,JNX-000352,outdoor-waterproof-main-door-lock-password-card-remote-open-rimk105315r,8531,18,Access Control,
prd_6946d96c-bf44-4044-ae96-aeff1ab7232f,password RFID card  main door lock password card  remote open - RIM+S32+315R,JNX-000353,password-rfid-card-main-door-lock-password-card-remote-open-rims32315r,8531,18,Access Control,
prd_d079f66f-38d4-42cf-82e7-8a6cf6791d6a,"Plastic 3"" x 3"" door exit push release button switch for standalone/multi door access control system or biometric EM lock  - PC Button NO Type",JNX-000187,plastic-3-x-3-door-exit-push-release-button-switch-for-standalonemulti-door-access-control-system-or-biometric-em-lock-pc-button-no-type,8531,18,Access Control,
prd_d5cdd229-6e03-4227-ad27-24d8e079be51,Plastic Door Exit Push Release Button Switch for Electric Access Control  EXT2,JNX-000342,plastic-door-exit-push-release-button-switch-for-electric-access-control-ext2,8531,18,Access Control,
prd_07694ee8-5226-48c7-a732-1d41b569949e,remote control 433Mhz - BLRMT - 2 Pcs,JNX-000311,remote-control-433mhz-blrmt-2-pcs,8531,18,Access Control,
prd_bb1329d2-0277-4c54-a1aa-71987da44dd6,Remote Receiver with 3 Remotes for Electronic door lock or EM Door Lock Electric door lock,JNX-000293,remote-receiver-with-3-remotes-for-electronic-door-lock-or-em-door-lock-electric-door-lock,8531,18,Access Control,
prd_7c6236fd-da35-416a-afaf-6554b9634e90,RJ 45 Passthrough Connector CAT6 - Pack of 100 nos.,JNX-000209,rj-45-passthrough-connector-cat6-pack-of-100-nos,8529,18,Cable and Connector,
prd_d988c264-b309-4dd9-8e5e-51167a312093,RJ11 connector for telephone,JNX-000077,rj11-connector-for-telephone,8529,18,Cable and Connector,
prd_cbb75873-a201-448b-b6cf-d40692474e12,"RJ11 Telephone Line Wire Patch Cable Compatible for Landline, Telephone (Black) (5 Meters) - Pack of 2 nos",JNX-000076,rj11-telephone-line-wire-patch-cable-compatible-for-landline-telephone-black-5-meters-pack-of-2-nos,8529,18,Cable and Connector,
prd_c0e05f82-8265-491d-bf33-3b6ffec1306d,"RJ45 Crimp Tool for Pass Through Connector End | EZ Cut, Strip, Crimp Network Cable | Heavy Duty Crimper for RJ11 & RJ45 Plugs | Professional Networking Cat5/5e & Cat6, Tools & Accessories",JNX-000208,rj45-crimp-tool-for-pass-through-connector-end-or-ez-cut-strip-crimp-network-cable-or-heavy-duty-crimper-for-rj11-and-rj45-plugs-or-professional-networking-cat55e-and-cat6-tools-and-accessories,8529,18,Cable and Connector,
prd_0bdeb696-d1d1-49b5-98fa-1e470a99f8cd,RJ45 Crimping Tool for Cat7 Cat6A Cat6 Cat5E Pass Through and Non-pass-through Connectors HT7088,JNX-000310,rj45-crimping-tool-for-cat7-cat6a-cat6-cat5e-pass-through-and-non-pass-through-connectors-ht7088,8529,18,Cable and Connector,
prd_2097190a-48ee-4f4e-a474-cb2d971f7186,sliding gate track - (motor not included) 1005 mm long each 1 meter,JNX-000220,sliding-gate-track-motor-not-included-1005-mm-long-each-1-meter,8531,18,Access Control,
prd_eb5eaa83-255e-45e2-b4f4-0e8b3b86c063,"Smart Glass Door Lock Digital Glass Lock ,Unlock by Bluetooth, Mobile App, Fingerprint, PIN, RFID Card for 10-12 mm Glass Doors only",JNX-000270,smart-glass-door-lock-digital-glass-lock-unlock-by-bluetooth-mobile-app-fingerprint-pin-rfid-card-for-10-12-mm-glass-doors-only,8531,18,Access Control,
prd_72f8f269-1376-4b50-bb26-2f2bff4100e0,smart hostel library gym access control door lock system -  thumb biometric RFID,JNX-000325,smart-hostel-library-gym-access-control-door-lock-system-thumb-biometric-rfid,8531,18,Access Control,
prd_ce00ceee-d926-4a41-bd9b-aeaf98b29193,Smart Rim Lock - Wireless Battery Operated Finger Password Card  Physical Key  open  Digital Main Door Lock Waterproof N2150,JNX-000343,smart-rim-lock-wireless-battery-operated-finger-password-card-physical-key-open-digital-main-door-lock-waterproof-n2150,8531,18,Access Control,
prd_c9d39696-a547-4fb2-9346-d0237bf22936,"Smart TTLock Bluetooth Remote | Wireless Keyless Entry for TT Lock Smart Locks | Lock & Unlock Door via Bluetooth | No Hub Required | Portable Remote for Home, Office, Airbnb & Hotels",JNX-000354,smart-ttlock-bluetooth-remote-or-wireless-keyless-entry-for-tt-lock-smart-locks-or-lock-and-unlock-door-via-bluetooth-or-no-hub-required-or-portable-remote-for-home-office-airbnb-and-hotels,8531,18,Access Control,
prd_379b50a5-d197-4fdd-9ffa-13385724e734,Smart UHF RFID Reader for Society Entry Gate Boom Barrier Parking System Access Control Using Mobile App society gate entry managment system,JNX-000298,smart-uhf-rfid-reader-for-society-entry-gate-boom-barrier-parking-system-access-control-using-mobile-app-society-gate-entry-managment-system,8529,18,Parking Management,
prd_83f5f58e-9220-48a0-8eb5-8e3d4b9ef3de,Surface Mount Door Exit Button - Open Surface door exit button ( bell type rocker switch),JNX-000240,surface-mount-door-exit-button-open-surface-door-exit-button-bell-type-rocker-switch,8531,18,Access Control,
prd_c614ade7-5649-4516-aa12-144627ea452d,surface mount NO NC type Exit button - Emergency / exit printed - plastic  NC button for EM lock open  EM EMER01,JNX-000190,surface-mount-no-nc-type-exit-button-emergency-exit-printed-plastic-nc-button-for-em-lock-open-em-emer01,8531,18,Access Control,
prd_333cc7c5-c7aa-4736-8f23-bf4cb19d3ce9,"TThotel Lift control card , elevator control card for office, apartment , hotel  TTH-45X-8F for 8 floor base unit for lift",JNX-000360,tthotel-lift-control-card-elevator-control-card-for-office-apartment-hotel-tth-45x-8f-for-8-floor-base-unit-for-lift,8531,18,Hotel Industries,
prd_8f6eca02-5b22-4603-af93-5d4b9233a19a,ttlock G3 Wifi Gateway For Smart Door Lock Bluetooth Ttlock Phone Remote Control G3 TTlock with LAN port,JNX-000230,ttlock-g3-wifi-gateway-for-smart-door-lock-bluetooth-ttlock-phone-remote-control-g3-ttlock-with-lan-port,8531,18,Access Control,
prd_0d0edb4b-b5e7-4553-8671-f521abacd647,TTlock Glass door lock : Smart Glass Lock for TTlock app and TThotel Lock  M170-TTlock,JNX-000345,ttlock-glass-door-lock-smart-glass-lock-for-ttlock-app-and-tthotel-lock-m170-ttlock,8531,18,Access Control,
prd_111f80a5-b544-44fb-bab5-f1bca35e67f9,TTlock Main Door Lock Smart finger card password TTlock app for wooden or metal door TTlock RIM wireless lock M220,JNX-000346,ttlock-main-door-lock-smart-finger-card-password-ttlock-app-for-wooden-or-metal-door-ttlock-rim-wireless-lock-m220,8531,18,Access Control,
prd_1fcaa517-7a7d-43f8-8523-2d99f705113f,"TTlock narrow style Waterproof Smart Door Lock, Digital Door Lock, Fingerprint Lock, Inbuilt Wi-Fi, Card, PIN, Key 2 Years Warranty Black slim door lock",JNX-000348,ttlock-narrow-style-waterproof-smart-door-lock-digital-door-lock-fingerprint-lock-inbuilt-wi-fi-card-pin-key-2-years-warranty-black-slim-door-lock,8531,18,Access Control,
prd_f2b9191a-466f-4fd8-8716-15c0b10f2c63,"TTlock narrow style Waterproof Smart Door Lock, Digital Door Lock, Fingerprint Lock, Inbuilt Wi-Fi, Card, PIN, Key 2 Years Warranty Black slim door lock - handle",JNX-000349,ttlock-narrow-style-waterproof-smart-door-lock-digital-door-lock-fingerprint-lock-inbuilt-wi-fi-card-pin-key-2-years-warranty-black-slim-door-lock-handle,8531,18,Access Control,
prd_a707c9b2-3924-47fe-97bd-32aa63a1a879,"TTlock narrow style Waterproof Smart Door Lock, Digital Door Lock, Fingerprint Lock, Inbuilt Wi-Fi, Card, PIN, Key 2 Years Warranty Black slim door lock sliding gate",JNX-000350,ttlock-narrow-style-waterproof-smart-door-lock-digital-door-lock-fingerprint-lock-inbuilt-wi-fi-card-pin-key-2-years-warranty-black-slim-door-lock-sliding-gate,8531,18,Access Control,
prd_9b9043f2-bd04-4d90-9dc5-7e3ba9462a50,"TTlock narrow style Waterproof Smart Door Lock, Digital Door Lock, Fingerprint Lock, Inbuilt Wi-Fi, Card, PIN, Key 2 Years Warranty Black slim door lock sliding gate - handle",JNX-000351,ttlock-narrow-style-waterproof-smart-door-lock-digital-door-lock-fingerprint-lock-inbuilt-wi-fi-card-pin-key-2-years-warranty-black-slim-door-lock-sliding-gate-handle,8531,18,Access Control,
prd_fb886131-cbd2-4b3f-b64d-b5cdc208e3ad,TTlock Smart Handle Lock for wooden door Biometric Finger Print Password Smart Door Lock with Keys  open suitable for 6068 Mortise ( Mortise Included ) M130,JNX-000361,ttlock-smart-handle-lock-for-wooden-door-biometric-finger-print-password-smart-door-lock-with-keys-open-suitable-for-6068-mortise-mortise-included-m130,8531,18,Access Control,
prd_636467f6-94bb-4902-952f-715fb74baf46,TTlock Smart Handle Lock for wooden door Biometric Finger Print Password Smart Door Lock with Keys  open suitable for 6068 Mortise ( Mortise not included)  M130,JNX-000347,ttlock-smart-handle-lock-for-wooden-door-biometric-finger-print-password-smart-door-lock-with-keys-open-suitable-for-6068-mortise-mortise-not-included-m130,8531,18,Access Control,
prd_5409b2a8-b78e-4ec1-ac3c-00ecf96fb269,TTLock TTHotel Card Encoder 13.56Mhz RFID Card  Hotel Room Door Lock System (Color :Black),JNX-000228,ttlock-tthotel-card-encoder-1356mhz-rfid-card-hotel-room-door-lock-system-color-black,8531,18,Access Control,
prd_03460e3c-c9fd-41a8-9975-008907fe3d60,"TTlock WiFi Gateway Remote Control Bluetooth Smart Door Lock with TTLock App, Gateway Work with Alexa Voice Control for Smart Door Lock, G2 Gateway",JNX-000229,ttlock-wifi-gateway-remote-control-bluetooth-smart-door-lock-with-ttlock-app-gateway-work-with-alexa-voice-control-for-smart-door-lock-g2-gateway,8531,18,Access Control,
prd_ab8c0b78-bd49-4c0f-ba02-9642eeec0da1,tuya 2ch Smart WiFi -Switch with 2 Channel | 2 gang Independent Light With Manual Control | No Hub Required | Working Online & Offline| Work with Alexa & Hey Google Command,JNX-000055,tuya-2ch-smart-wifi-switch-with-2-channel-or-2-gang-independent-light-with-manual-control-or-no-hub-required-or-working-online-and-offlineor-work-with-alexa-and-hey-google-command,8529,18,Smart Home Automation,
prd_894de567-0d28-4a98-ba25-ee722b19fad9,tuya Dimmer - Smart Wireless WIFI Dimmer | Smart life app |,JNX-000268,tuya-dimmer-smart-wireless-wifi-dimmer-or-smart-life-app-or,8529,18,Smart Home Automation,
prd_38ae2463-9f6b-46e1-ac0c-2aa428f151b8,Tuya Human Presence Sensor Millimeter wave radar-based human presence sensor illumination sensor HUMAN-55,JNX-000304,tuya-human-presence-sensor-millimeter-wave-radar-based-human-presence-sensor-illumination-sensor-human-55,8529,18,Smart Home Automation,
prd_85e2bd27-a10d-41e4-a2d4-93b886ed6a72,Tuya Indoor  WiFi Smart Motion sensor  Siren 110dB Stroboscopic  TYSTB+PIR,JNX-000289,tuya-indoor-wifi-smart-motion-sensor-siren-110db-stroboscopic-tystbpir,8529,18,Smart Home Automation,
prd_44136eda-2b4f-4570-a04a-2934eea57f9c,Tuya Indoor WiFi Smart Siren 110dB Stroboscopic  work as indepndend wireless HOST - JXTSTB48,JNX-000288,tuya-indoor-wifi-smart-siren-110db-stroboscopic-work-as-indepndend-wireless-host-jxtstb48,8529,18,Smart Home Automation,
prd_805a9501-f82e-4275-a2ad-49b64a41812b,"Tuya Smart Home Control, Dimmer and Background Music Player, 7'' Switch Panel in-Wall Touchscreen Control for Various tuya Smart Appliances, Support Voice Control Knob for AC , Fan , Temprature",JNX-000365,tuya-smart-home-control-dimmer-and-background-music-player-7-switch-panel-in-wall-touchscreen-control-for-various-tuya-smart-appliances-support-voice-control-knob-for-ac-fan-temprature,8529,18,Smart Home Automation,
prd_80d1a8ba-e203-42c3-b756-70b9fe05ba3f,tuya Smart Home PCB for 4 Gang/Switch PCB Board for Home Automation with Manual and WiFi Control Work Online and Offline as Well Compatible with Alexa and Google Home,JNX-000109,tuya-smart-home-pcb-for-4-gangswitch-pcb-board-for-home-automation-with-manual-and-wifi-control-work-online-and-offline-as-well-compatible-with-alexa-and-google-home,8529,18,Smart Home Automation,
prd_cf6a792e-8900-437f-b0e4-40815b6b629c,Tuya Smart Life  smart handle wooden door lock  5-Way Unlocking | Fingerprint | Password | RFID Access Card | wifi Mobile app | Mechanical Key | OTP Access | Stainless Steel Mortise | (Black) K802,JNX-000193,tuya-smart-life-smart-handle-wooden-door-lock-5-way-unlocking-or-fingerprint-or-password-or-rfid-access-card-or-wifi-mobile-app-or-mechanical-key-or-otp-access-or-stainless-steel-mortise-or-black-k802,8531,18,Access Control,
prd_69416f94-450e-4d2b-a651-a5ab3c17527d,Tuya Smart Life Mobile app Biometric Fingerprint wardrobe Lock for Cabinet or Drawer I Electric Fingerprint Keyless Hidden File Drawer Wardrobe Wooden Furniture Cabinet Privacy Lock  DRL4T5B,JNX-000301,tuya-smart-life-mobile-app-biometric-fingerprint-wardrobe-lock-for-cabinet-or-drawer-i-electric-fingerprint-keyless-hidden-file-drawer-wardrobe-wooden-furniture-cabinet-privacy-lock-drl4t5b,8531,18,Access Control,
prd_21af8f79-fe18-49a8-b6d6-165fe21ba6c0,tuya smart life smart biomteric NFC smart life mobile app IC card password -  mobile app access control -  F5T1KW,JNX-000326,tuya-smart-life-smart-biomteric-nfc-smart-life-mobile-app-ic-card-password-mobile-app-access-control-f5t1kw,8529,18,Smart Home Automation,
prd_19774077-d3d6-4f9a-9527-51800a3464ef,tuya smart life smart biomteric NFC smart life mobile app IC card password -  mobile app access control - FB500,JNX-000358,tuya-smart-life-smart-biomteric-nfc-smart-life-mobile-app-ic-card-password-mobile-app-access-control-fb500,8529,18,Smart Home Automation,
prd_e893e906-f374-4336-8501-d4220830a7df,Tuya Smart Life smart curtain track - 10 feet long,JNX-000218,tuya-smart-life-smart-curtain-track-10-feet-long,8529,18,Smart Home Automation,
prd_d0e315b6-9ea8-424f-b9ed-4f6d3beedb44,Tuya Smart Life smart curtain track - 15 feet,JNX-000217,tuya-smart-life-smart-curtain-track-15-feet,8529,18,Smart Home Automation,
prd_cdaf78a5-7523-4dff-bc1e-4099f913c8ae,Tuya Smart life Wifi Main Circuit Breaker (MCB) / Smart Switch overload and short circuit protection for Smart home work with Smart life app (63A 2Pole )  STM63KWh   1P63JT,JNX-000241,tuya-smart-life-wifi-main-circuit-breaker-mcb-smart-switch-overload-and-short-circuit-protection-for-smart-home-work-with-smart-life-app-63a-2pole-stm63kwh-1p63jt,8529,18,Smart Home Automation,
prd_3f3a6548-47bd-4382-acd5-13d91f690969,Tuya Smart Life WiFi Smart IR Remote Control WiFi Temperature Humidity Sensor Monitor with LCD Display Cover Above 98% IR Device for Air-Conditioned TV Fan etc Smart Life APP Compatible with Alexa Google Assistant,JNX-000263,tuya-smart-life-wifi-smart-ir-remote-control-wifi-temperature-humidity-sensor-monitor-with-lcd-display-cover-above-98percent-ir-device-for-air-conditioned-tv-fan-etc-smart-life-app-compatible-with-alexa-google-assistant,8529,18,Smart Home Automation,
prd_1b65fbad-5247-40f9-9b93-5bd5db8631c2,tuya smart life wireless strobe siren 433mhz 110dB sound - support 99 wireless sensors  - TY-STB-Siren,JNX-000307,tuya-smart-life-wireless-strobe-siren-433mhz-110db-sound-support-99-wireless-sensors-ty-stb-siren,8529,18,Smart Home Automation,
prd_6cf64be4-33a3-4af7-8e85-a89ae92024ac,Tuya Smart WiFi shutter sensor  Siren 110dB Stroboscopic shutter contact | rolling shutter sensor  TYSTB+RS433 combo,JNX-000290,tuya-smart-wifi-shutter-sensor-siren-110db-stroboscopic-shutter-contact-or-rolling-shutter-sensor-tystbrs433-combo,8529,18,Smart Home Automation,
prd_643d1302-85a9-4d00-9d68-b0db4f635d4a,Tuya Smart WiFi shutter sensor  Siren 110dB Stroboscopic shutter contact | single piece shutter sensor  TYSTB+RS433 shutter,JNX-000306,tuya-smart-wifi-shutter-sensor-siren-110db-stroboscopic-shutter-contact-or-single-piece-shutter-sensor-tystbrs433-shutter,8529,18,Smart Home Automation,
prd_7ea66e96-7f16-4024-a61c-0ea91d91a8e8,"Tuya Smartlife WiFi 1ch relay module for door lock , access control , trigger mode and delay time trigger by mobile app  with 433Mhz Remote receiver",JNX-000159,tuya-smartlife-wifi-1ch-relay-module-for-door-lock-access-control-trigger-mode-and-delay-time-trigger-by-mobile-app-with-433mhz-remote-receiver,8531,18,Access Control,
prd_13c89a60-39ab-4ef8-b001-eee8a9fdc464,"Tuya Video Door Lock , 3D face access Smart wifi, Video Calling Door Lock JW540",JNX-000370,tuya-video-door-lock-3d-face-access-smart-wifi-video-calling-door-lock-jw540,8531,18,Access Control,
prd_6a9bcb60-5eec-426c-9103-2e6e91b05ee1,"Tuya wifi LED Backlight Kit with HDMI 2.0 Sync Box, 4k60Hz RGBIC strip  TV Lights for Games Movies, Tuya App , Alexa and Google Home compatible,   5M LED Strip Length suitable up to 85 Inch TV",JNX-000367,tuya-wifi-led-backlight-kit-with-hdmi-20-sync-box-4k60hz-rgbic-strip-tv-lights-for-games-movies-tuya-app-alexa-and-google-home-compatible-5m-led-strip-length-suitable-up-to-85-inch-tv,8529,18,Smart Home Automation,
prd_26ca282d-82d2-4c43-8213-cd59699414f2,"Tuya wifi LED Backlight Kit with HDMI 2.0 Sync Box, 4k60Hz RGBIC strip  TV Lights for Games Movies, Tuya App , Alexa and Google Home compatible,   3.2 M LED Strip Length suitable up to 55 Inch TV",JNX-000368,tuya-wifi-led-backlight-kit-with-hdmi-20-sync-box-4k60hz-rgbic-strip-tv-lights-for-games-movies-tuya-app-alexa-and-google-home-compatible-32-m-led-strip-length-suitable-up-to-55-inch-tv,8529,18,Smart Home Automation,
prd_487f7e30-5815-43f9-8768-2204c09358a9,Tuya WiFi RF Intelligent Curtain Switch Modification Module Intelligent Curtain Switch Module Mobilephone APP Remotes Control  Switch control Compatible with Alexa Voice Control Timing Family Sharing,JNX-000292,tuya-wifi-rf-intelligent-curtain-switch-modification-module-intelligent-curtain-switch-module-mobilephone-app-remotes-control-switch-control-compatible-with-alexa-voice-control-timing-family-sharing,8529,18,Smart Home Automation,
prd_50937ea1-eb4c-44f3-9c94-43e3563a7d58,"tuya Wifi Smart Switch for Alexa/Google Assistant Enabled, Remote Control, Android and iOS Support Switch Make existing switch board to smart switch retrofit solution up to 16Amp load",JNX-000184,tuya-wifi-smart-switch-for-alexagoogle-assistant-enabled-remote-control-android-and-ios-support-switch-make-existing-switch-board-to-smart-switch-retrofit-solution-up-to-16amp-load,8529,18,Smart Home Automation,
prd_f7c2b534-b9a5-4e89-b378-52d2c76b0b56,"uhf integrated reader  for Parking System Access Control Jewellery tag , Bike race , Horse race  Waterproof  Integrated tag UHF Reader antenna Access Control long range  UHF-pro - RJ45",JNX-000249,uhf-integrated-reader-for-parking-system-access-control-jewellery-tag-bike-race-horse-race-waterproof-integrated-tag-uhf-reader-antenna-access-control-long-range-uhf-pro-rj45,8531,18,Access Control,
prd_a66febc4-f943-4d10-a871-6c7dac8ab9b1,"Universal Battery Operated (Emitter Part) Infrared Photoelectric Beam Sensor Photocell with 40 Feet Range for Automatic Swing Slider Gate Opener , Boo barrier , Sliding gate motor",JNX-000372,universal-battery-operated-emitter-part-infrared-photoelectric-beam-sensor-photocell-with-40-feet-range-for-automatic-swing-slider-gate-opener-boo-barrier-sliding-gate-motor,8531,18,Access Control,
prd_51aa3864-0484-4c81-ade4-9db7638120c7,"Universal LCD/LED TV Moving Wall Mount with 180 Degree Rotating for 14 to 26 inch 15 Kg,  JS-15",JNX-000260,universal-lcdled-tv-moving-wall-mount-with-180-degree-rotating-for-14-to-26-inch-15-kg-js-15,8531,18,Access Control,
prd_cc7d225c-9dca-40c9-86db-59d1927177d4,USB extender - 150 Feet Long USB extension using cat 5e/6 cable with RJ45 connector,JNX-000149,usb-extender-150-feet-long-usb-extension-using-cat-5e6-cable-with-rj45-connector,8529,18,Cable and Connector,
prd_7c0df05f-3b18-497d-be8b-43a44c68ae94,USB Male to Female Extension Cable - 1.5M long,JNX-000158,usb-male-to-female-extension-cable-15m-long,8529,18,Cable and Connector,
prd_b84e875e-cd82-491c-bc1b-b2a01e30e172,v380 bulb camera,JNX-000177,v380-bulb-camera,8529,18,Surveilliance,
prd_8fb88393-f66a-4e42-bf40-b57fa29c545c,v380 roboto camera - 2MP wifi camera,JNX-000179,v380-roboto-camera-2mp-wifi-camera,8529,18,Surveilliance,
prd_3d192693-3502-403a-87e7-28403a9eade5,"vehicle  jewellery tag Reader, UHF Passive Electronic Tag RFID Reader for Parking System Access Control Jewellery tag , Bike race , Horse race  Waterproof Passive Electronic TAG RFID Integrated Card Reader Access Control range 7 meter -UHF7D- USB",JNX-000247,vehicle-jewellery-tag-reader-uhf-passive-electronic-tag-rfid-reader-for-parking-system-access-control-jewellery-tag-bike-race-horse-race-waterproof-passive-electronic-tag-rfid-integrated-card-reader-access-control-range-7-meter-uhf7d-usb,8531,18,Access Control,
prd_fd733fbe-3a24-4857-bf67-c56027b7436f,"vehicle  jewellery tag Reader, UHF Passive Electronic Tag RFID Reader for Parking System Access Control Jewellery tag , Bike race , Horse race  Waterproof Passive Electronic TAG RFID Integrated Card Reader Access Control range 7 meter -UHF7D - RJ45",JNX-000248,vehicle-jewellery-tag-reader-uhf-passive-electronic-tag-rfid-reader-for-parking-system-access-control-jewellery-tag-bike-race-horse-race-waterproof-passive-electronic-tag-rfid-integrated-card-reader-access-control-range-7-meter-uhf7d-rj45,8531,18,Access Control,
prd_078d6079-986a-43cb-8128-0794c5152519,"Video Balun - Anti-Interference UTP Single Channel Passive Video Balun Connector, Coax to Camera CCTV RF Connector (Black, Silver)",JNX-000150,video-balun-anti-interference-utp-single-channel-passive-video-balun-connector-coax-to-camera-cctv-rf-connector-black-silver,8529,18,Surveilliance,
prd_864e11a2-64ee-4be0-bf3c-36a6786a22c8,"Video Door Phone - HD Color Night Vision camera outdoor bell  7"" full touch screen indoor  SK203A4W",JNX-000356,video-door-phone-hd-color-night-vision-camera-outdoor-bell-7-full-touch-screen-indoor-sk203a4w,8529,18,Surveilliance,
prd_3c58177f-3c2b-46c7-9738-7a5d69a225cb,Video Door Phone Tuya 1080P  Smart Wifi IP Wired Audio Indoor Intercom Video Doorbell With Mobile Phone Control  and  Video call Video Monitoring Intercom System SK350TUYA,JNX-000357,video-door-phone-tuya-1080p-smart-wifi-ip-wired-audio-indoor-intercom-video-doorbell-with-mobile-phone-control-and-video-call-video-monitoring-intercom-system-sk350tuya,8529,18,Smart Home Automation,
prd_fc1d7f0d-0820-4a4a-9ecc-39409fefe9ae,wall mount PTZ stand for camera 1602Z,JNX-000329,wall-mount-ptz-stand-for-camera-1602z,8529,18,Surveilliance,
prd_a07ca3b7-ee7c-48d2-8be4-100b61bd93d5,"Wall Mounting Bracket Stand for CCTV Security Camera, Length 18 cm / 7 Inch with Adjustable Angle of 90 Degree, Indoor/Outdoor use (Pack of 4 Set)",JNX-000375,wall-mounting-bracket-stand-for-cctv-security-camera-length-18-cm-7-inch-with-adjustable-angle-of-90-degree-indooroutdoor-use-pack-of-4-set,8529,18,Surveilliance,
prd_658a46a8-44c8-41a8-b5d6-81b938ccaa04,Waterproof box for POE media converter fiber splicing pole mount wall mount 210x180x85  mm #800E,JNX-000332,waterproof-box-for-poe-media-converter-fiber-splicing-pole-mount-wall-mount-210x180x85-mm-800e,8529,18,Surveilliance,
prd_6c9826f2-c400-4d53-87fc-c18d20d43a9f,Waterproof Dustproof tuya smart life smart biomteric access control standalone 500 Finger Users attendance over mobile app - #JF4P,JNX-000335,waterproof-dustproof-tuya-smart-life-smart-biomteric-access-control-standalone-500-finger-users-attendance-over-mobile-app-jf4p,8529,18,Smart Home Automation,
prd_15b111b7-772c-48df-b01a-dcafca09103e,waterproof RFID access control system - for outdoor or indoor installation work with NFC mobile app K105,JNX-000160,waterproof-rfid-access-control-system-for-outdoor-or-indoor-installation-work-with-nfc-mobile-app-k105,8529,18,Surveilliance,
prd_a623ec6e-c455-44ba-883d-7b0e499bafb4,"waterproof Switch Push Buttons Application for Barrier Gate Operator and Auto Gate , Boom Barrier Push Button.",JNX-000275,waterproof-switch-push-buttons-application-for-barrier-gate-operator-and-auto-gate-boom-barrier-push-button,8529,18,Parking Management,
prd_a27f0ae9-64dd-4dbd-b25f-7a4bf47d4f33,"waterproof Switch sliding gate motor Push Buttons Application for Barrier Gate Operator and Auto Gate , Boom Barrier Push Button. - Copy",JNX-000276,waterproof-switch-sliding-gate-motor-push-buttons-application-for-barrier-gate-operator-and-auto-gate-boom-barrier-push-button-copy,8529,18,Parking Management,
prd_fc6f99aa-5675-442e-a5b0-143b20a13827,WiFi 3mp Mini Pan-Tilt Zoom CCTV Camera | Outdoor Indoor Security Camera | Storage on Cloud or SD Card Up To 256 GB | Intruder Alarm | Color Night Vision | Two Way Talk,JNX-000322,wifi-3mp-mini-pan-tilt-zoom-cctv-camera-or-outdoor-indoor-security-camera-or-storage-on-cloud-or-sd-card-up-to-256-gb-or-intruder-alarm-or-color-night-vision-or-two-way-talk,8529,18,Surveilliance,
prd_d3c556e9-3594-4123-a937-e17ce6c88541,wifi camera 4X Digital Zoom 360°| 90° Tilt Smart Home Office WiFi Camera | Wireless Indoor Security 3MP Camera | Full Colour Night Vision | Support 128gb Card | Motion Detection | Onvif Enabled,JNX-000284,wifi-camera-4x-digital-zoom-360or-90-tilt-smart-home-office-wifi-camera-or-wireless-indoor-security-3mp-camera-or-full-colour-night-vision-or-support-128gb-card-or-motion-detection-or-onvif-enabled,8529,18,Surveilliance,
prd_0cddd196-fed7-4689-b2d8-4d78cc2a2eb0,wifi mobile app remote control main door lock kit. Tuya Smart Life app RIM Lock,JNX-000294,wifi-mobile-app-remote-control-main-door-lock-kit-tuya-smart-life-app-rim-lock,8531,18,Access Control,
prd_b8bbaf92-01d9-47ea-b440-b0c06067c3d2,"wired door contact Magnetic Switch Home Alarm System for Micro Controller Any Wired Security Alarm Panel, Node MCU,",JNX-000145,wired-door-contact-magnetic-switch-home-alarm-system-for-micro-controller-any-wired-security-alarm-panel-node-mcu,8531,18,Security Alarm System,
prd_b51bb973-25d4-483d-9b22-2145a2a03e97,Wireless 433Mhz RF Module Receiver Remote Control Built-in Learning Code 1527 Decoding 1 channel output with MOSFET Current Driver   GND and POWER out,JNX-000337,wireless-433mhz-rf-module-receiver-remote-control-built-in-learning-code-1527-decoding-1-channel-output-with-mosfet-current-driver-gnd-and-power-out,8531,18,Access Control,
prd_7bbf3978-c9ea-472b-a53b-0bfd3c76fb57,wireless door bell long range up to 400 feet call bell,JNX-000186,wireless-door-bell-long-range-up-to-400-feet-call-bell,8531,18,Access Control,
prd_d3880ab4-468a-4b78-a503-bc7f6478655d,"Youhe Standalone door controller YH2000-C for RFID card 125Khz and password to door open , lift , barrier , safe, tijori",JNX-000082,youhe-standalone-door-controller-yh2000-c-for-rfid-card-125khz-and-password-to-door-open-lift-barrier-safe-tijori,8531,18,Access Control,
